,week_of_year,day_of_week,PU_borough_code,DO_borough_code,part_of_day,count
0,8,5,1,3,0,1225
1,8,5,0,1,2,167
2,9,1,1,4,1,69
3,9,6,1,4,0,147
4,10,0,1,1,0,29836
5,10,2,3,4,3,9
6,10,4,3,1,1,2172
7,11,0,3,1,3,3135
8,11,2,3,1,1,1970
9,11,5,1,0,2,116
10,11,6,3,3,0,12434
11,12,3,1,1,3,38881
12,12,3,4,4,3,1417
13,12,5,4,2,1,79
14,13,0,1,0,1,153
15,8,6,3,3,0,11074
16,8,6,2,4,0,113
17,9,0,1,4,0,147
18,9,1,1,3,3,2330
19,9,2,0,4,1,3
20,9,6,3,4,3,18
21,10,6,1,0,2,213
22,11,0,4,4,0,1361
23,11,0,4,0,0,3
24,11,4,2,1,1,2137
25,11,5,2,2,1,55493
26,11,6,3,3,1,16286
27,12,4,2,1,2,3641
28,12,4,3,0,3,459
29,12,5,1,1,0,11661
30,12,5,0,3,0,133
31,12,6,3,4,3,13
32,13,0,4,2,1,38
33,8,5,0,1,0,82
34,8,6,1,2,2,7575
35,10,3,0,4,3,4
36,10,4,3,0,0,189
37,10,5,4,2,2,59
38,10,6,2,1,0,7806
39,10,6,4,1,1,155
40,10,6,4,2,3,112
41,11,1,1,0,2,135
42,12,0,3,1,2,3088
43,12,3,2,3,3,4842
44,13,0,4,2,2,53
45,9,0,0,1,3,242
46,9,1,0,2,3,2317
47,9,3,2,1,1,2291
48,9,4,0,3,1,420
49,9,5,1,4,0,57
50,11,4,3,3,2,20640
51,11,5,3,2,1,3437
52,11,5,3,1,2,2095
53,11,6,0,3,2,533
54,12,1,3,3,2,16530
55,12,3,3,2,0,699
56,12,5,3,3,1,20852
57,12,5,4,3,2,8
58,13,0,4,3,3,9
59,8,6,3,4,0,17
60,9,2,4,4,0,329
61,9,3,2,1,0,2648
62,9,4,4,1,2,118
63,10,5,4,4,2,2293
64,11,0,2,2,1,26502
65,11,2,2,4,3,237
66,11,6,2,4,2,35
67,11,6,4,2,2,59
68,12,2,1,0,1,136
69,12,2,2,2,3,54678
70,12,6,0,2,1,3684
71,13,0,2,1,3,5803
72,8,5,4,2,3,56
73,9,0,1,1,2,40664
74,10,0,0,3,0,410
75,10,1,3,4,3,8
76,10,2,3,2,1,2718
77,10,3,1,3,2,1653
78,10,5,1,0,1,170
79,11,4,4,3,1,7
80,12,2,1,4,0,42
81,12,2,2,3,2,1520
82,12,5,4,3,0,4
83,12,5,1,0,3,314
84,8,5,3,3,1,22005
85,9,3,4,1,3,118
86,9,5,1,3,3,4157
87,10,1,4,0,2,2
88,10,3,0,2,3,2648
89,10,4,0,0,0,4397
90,10,6,1,1,1,25350
91,11,1,3,1,3,2044
92,11,2,3,3,2,16447
93,11,3,4,1,1,134
94,11,3,4,3,3,11
95,11,5,2,2,2,54112
96,11,6,4,1,2,164
97,11,6,2,3,2,2602
98,12,0,1,2,2,5804
99,12,3,0,3,0,145
100,12,3,4,2,0,15
101,12,3,4,1,1,140
102,12,4,1,2,0,1556
103,12,4,4,3,1,8
104,8,6,3,3,1,15989
105,8,6,2,3,3,4260
106,9,0,0,4,2,3
107,9,2,1,1,0,7832
108,9,2,3,4,2,6
109,9,4,1,2,2,3888
110,9,5,2,4,2,64
111,10,2,4,4,1,1895
112,10,3,4,0,0,2
113,10,4,1,4,1,98
114,10,5,1,3,3,4262
115,10,6,3,1,0,2181
116,11,0,2,1,3,6445
117,11,1,0,2,3,2358
118,11,4,1,2,0,1621
119,11,4,1,4,1,95
120,11,5,0,2,3,4301
121,12,0,3,3,0,14718
122,12,1,4,3,2,4
123,12,1,1,1,3,31111
124,12,2,1,4,1,102
125,12,3,2,2,1,45934
126,8,5,0,0,1,18213
127,9,0,0,4,0,4
128,9,0,0,3,1,328
129,9,4,2,1,1,2363
130,9,5,3,0,0,201
131,9,6,0,1,2,236
132,11,0,3,2,0,1705
133,11,2,0,2,0,937
134,12,3,0,2,0,943
135,12,3,4,4,0,369
136,12,4,3,4,0,3
137,8,5,1,3,3,4208
138,9,3,0,0,2,17159
139,9,3,1,4,3,137
140,9,4,3,1,0,792
141,9,4,2,4,1,52
142,10,5,3,3,0,6171
143,10,5,1,4,2,126
144,10,6,1,3,3,4838
145,11,0,2,1,2,5178
146,12,0,2,0,2,3145
147,12,0,0,3,2,453
148,12,2,0,2,3,2571
149,12,3,3,1,0,765
150,12,3,1,4,3,145
151,12,4,1,3,1,2119
152,12,5,3,2,1,2922
153,8,5,4,4,3,2134
154,8,6,4,2,2,81
155,9,0,0,2,0,2606
156,9,0,2,4,0,118
157,9,1,4,2,2,32
158,9,4,2,1,3,12063
159,10,1,3,0,0,229
160,10,2,3,3,2,17330
161,10,2,1,0,3,176
162,10,4,0,3,1,385
163,10,6,1,3,2,3054
164,10,6,1,4,3,191
165,11,2,1,0,1,113
166,11,3,0,2,2,2494
167,11,3,0,2,3,2749
168,11,6,0,4,2,2
169,12,2,4,2,1,83
170,12,2,2,4,3,194
171,12,2,4,2,3,36
172,12,3,1,0,3,221
173,12,5,3,4,2,7
174,8,5,1,4,1,83
175,8,5,2,0,2,2687
176,9,2,1,2,0,1324
177,9,2,4,0,1,2
178,9,5,1,1,1,34231
179,9,6,3,2,3,3898
180,10,2,2,2,2,51707
181,10,3,0,3,3,358
182,10,3,0,1,3,157
183,10,4,1,1,3,41095
184,10,5,0,0,0,5285
185,10,5,3,4,3,18
186,11,0,0,4,3,3
187,11,3,1,0,1,177
188,12,2,4,1,2,111
189,12,6,3,2,1,3256
190,13,0,0,4,1,1
191,13,0,0,2,3,3494
192,8,5,2,3,3,5168
193,8,6,2,2,1,37466
194,9,1,3,0,0,181
195,9,2,0,2,0,936
196,9,2,3,3,1,19448
197,9,5,2,4,0,75
198,10,2,0,1,0,75
199,10,4,2,2,0,12298
200,10,4,2,1,1,2346
201,10,4,4,3,1,9
202,10,5,4,1,0,41
203,10,6,0,1,0,156
204,10,6,2,0,2,3121
205,11,3,1,1,0,8390
206,12,3,1,3,1,2039
207,12,4,1,2,1,6678
208,13,0,3,2,3,2101
209,8,5,1,1,2,35542
210,8,5,4,3,2,5
211,9,0,0,3,2,458
212,9,5,2,3,0,2198
213,10,2,3,1,0,693
214,10,5,0,4,1,2
215,11,3,2,1,3,10618
216,11,4,2,0,1,2631
217,12,1,1,2,1,6151
218,12,1,2,3,1,1038
219,12,4,0,2,3,2949
220,12,4,4,1,3,107
221,12,5,2,0,3,5950
222,9,1,4,1,1,103
223,9,2,4,3,1,3
224,9,3,1,4,2,109
225,9,4,4,3,1,8
226,9,5,2,4,3,166
227,10,0,2,0,1,1664
228,10,1,1,3,1,2005
229,11,2,1,0,2,99
230,11,3,3,0,1,409
231,11,3,3,3,3,17558
232,11,4,0,4,3,1
233,11,5,2,4,3,153
234,11,6,4,3,0,4
235,12,2,3,3,3,16758
236,9,2,2,2,0,9112
237,9,2,4,2,0,16
238,9,2,2,1,2,3413
239,9,5,3,4,2,10
240,9,6,0,1,0,163
241,10,3,1,0,2,83
242,10,4,4,0,3,7
243,10,6,2,2,1,32981
244,11,0,2,3,1,1199
245,11,0,0,0,3,17498
246,11,1,4,4,3,1222
247,11,2,1,4,3,116
248,11,3,3,4,3,11
249,11,6,0,3,1,393
250,12,0,3,1,1,2071
251,12,4,0,1,1,141
252,12,6,0,3,3,772
253,13,0,4,4,2,1469
254,9,1,4,3,1,7
255,9,2,2,4,1,38
256,9,2,1,3,2,1598
257,9,6,0,4,1,5
258,10,3,3,1,2,1679
259,11,0,0,0,0,13607
260,11,0,4,4,2,1592
261,11,3,2,4,0,40
262,11,4,3,4,1,7
263,13,0,0,3,3,540
264,8,6,1,2,1,5187
265,8,6,0,3,1,307
266,8,6,4,1,1,134
267,9,2,3,4,3,9
268,9,5,3,4,1,11
269,10,0,3,1,0,2795
270,10,2,0,3,1,395
271,10,2,4,3,1,8
272,10,2,4,2,2,43
273,11,1,0,3,0,171
274,11,1,2,3,1,1094
275,11,1,1,2,2,3081
276,11,2,0,3,3,347
277,11,6,4,1,1,147
278,11,6,1,4,2,148
279,9,0,2,2,2,58699
280,9,0,0,2,2,3621
281,9,1,2,4,3,124
282,9,3,4,0,1,1
283,9,4,2,2,3,77191
284,9,5,2,2,0,16524
285,9,5,3,4,3,19
286,10,4,0,3,3,387
287,11,2,2,3,1,1081
288,11,2,4,3,1,9
289,12,1,2,2,1,41629
290,12,2,0,2,2,2598
291,12,3,0,4,1,2
292,12,4,2,3,0,1780
293,8,6,0,0,2,17087
294,9,1,2,2,1,43248
295,9,2,2,4,0,25
296,9,2,2,4,2,61
297,9,2,4,1,3,89
298,9,5,3,1,2,2161
299,9,6,0,3,3,689
300,10,2,2,4,0,28
301,10,3,1,4,1,115
302,10,4,3,4,0,6
303,10,4,2,0,1,2630
304,10,4,0,4,3,6
305,10,5,3,4,0,10
306,10,6,0,1,2,226
307,11,0,2,3,0,4547
308,11,1,3,4,1,12
309,11,1,2,0,2,2432
310,11,3,1,2,0,1340
311,11,4,2,3,3,5019
312,12,0,3,4,1,12
313,12,2,0,1,3,124
314,12,4,4,2,0,27
315,12,4,0,1,3,187
316,12,6,0,4,2,5
317,9,0,1,0,3,306
318,10,1,2,4,2,43
319,11,1,1,0,0,145
320,11,1,1,4,0,49
321,11,3,2,2,1,45189
322,12,3,4,3,1,8
323,12,4,3,3,3,18598
324,8,5,0,4,3,5
325,9,0,0,0,0,11697
326,9,2,3,2,2,1503
327,9,4,3,0,1,398
328,9,6,0,2,0,2126
329,10,2,3,0,2,254
330,10,5,3,1,2,2165
331,10,6,2,3,1,1418
332,11,1,3,0,2,275
333,11,2,2,1,0,2202
334,11,3,4,2,0,12
335,11,3,2,2,2,44724
336,11,4,2,2,2,61276
337,11,6,2,4,3,82
338,12,0,2,1,0,7865
339,12,0,1,0,2,198
340,12,1,3,4,3,9
341,12,3,2,1,1,2178
342,8,5,0,2,1,3728
343,8,6,4,2,0,11
344,9,0,3,3,0,13362
345,9,0,4,1,0,96
346,9,0,1,3,3,2969
347,9,1,4,2,0,15
348,9,3,4,1,0,38
349,9,3,2,4,3,251
350,9,4,0,3,2,311
351,9,5,0,2,3,4131
352,10,3,3,1,0,746
353,10,3,0,0,3,15619
354,10,5,0,4,3,3
355,10,6,2,4,1,45
356,10,6,4,3,3,24
357,11,0,0,1,0,263
358,11,2,4,3,3,10
359,11,3,2,1,0,2663
360,11,5,4,0,1,1
361,12,1,3,0,0,238
362,12,5,1,3,2,2040
363,12,6,4,4,2,1974
364,8,5,2,0,1,2590
365,8,5,3,3,3,23694
366,9,4,3,2,1,2665
367,9,5,3,1,0,889
368,9,5,0,0,0,5163
369,9,6,3,2,1,3233
370,10,1,3,1,0,946
371,10,2,0,0,0,4295
372,10,2,3,0,0,178
373,10,2,0,0,1,16941
374,10,4,4,4,2,2026
375,11,0,0,3,0,461
376,11,2,3,1,0,685
377,11,2,1,2,2,3240
378,11,3,1,1,2,29904
379,11,4,0,3,3,382
380,12,0,3,1,0,2876
381,8,6,2,0,0,3688
382,8,6,4,0,2,3
383,9,4,4,2,2,52
384,10,4,0,1,1,149
385,10,5,4,2,0,21
386,10,5,2,2,2,51556
387,11,1,0,4,3,4
388,11,2,3,2,3,1342
389,11,4,4,4,0,378
390,11,4,1,2,1,7150
391,11,5,4,1,3,193
392,12,2,1,1,3,37189
393,12,3,1,3,0,910
394,12,4,0,0,3,17456
395,12,6,1,0,3,399
396,13,0,4,1,0,101
397,13,0,2,2,3,46636
398,8,6,0,2,3,4939
399,9,0,2,1,2,5123
400,9,4,1,4,0,41
401,9,5,3,1,1,2181
402,10,0,2,3,3,2819
403,10,5,0,1,2,141
404,11,5,4,2,1,70
405,8,5,2,1,1,2267
406,9,0,2,2,1,30941
407,9,2,3,1,2,1621
408,10,1,2,1,0,1863
409,11,0,4,3,1,5
410,11,1,1,4,2,98
411,11,4,4,0,2,6
412,11,5,1,3,3,4222
413,11,6,0,2,1,3526
414,11,6,4,3,3,14
415,12,2,1,2,0,1217
416,12,6,0,2,3,5488
417,12,6,4,0,3,5
418,8,6,1,1,3,57823
419,9,0,4,2,0,18
420,9,2,3,4,0,6
421,9,3,3,4,0,3
422,9,4,3,3,1,20597
423,10,2,1,2,3,3974
424,10,3,4,1,0,33
425,10,5,3,3,1,20872
426,10,5,0,2,2,3101
427,11,1,2,0,1,2399
428,11,4,1,1,3,52218
429,12,1,2,0,1,2419
430,12,1,2,2,2,41849
431,12,4,3,3,1,19994
432,12,6,0,1,3,354
433,9,4,1,1,2,35337
434,9,5,1,4,3,213
435,10,6,2,3,3,5702
436,11,1,0,3,2,290
437,11,5,1,4,0,49
438,13,0,0,0,0,12728
439,8,5,2,2,1,52206
440,9,3,1,2,0,1390
441,9,5,4,0,3,2
442,10,0,4,3,2,9
443,10,4,2,4,1,29
444,11,0,1,2,0,5693
445,11,4,0,3,1,429
446,11,5,0,0,1,20160
447,12,0,1,2,3,4795
448,12,1,4,4,3,1232
449,12,2,1,0,0,88
450,12,2,1,3,1,1870
451,12,3,2,3,0,1584
452,9,2,1,4,0,39
453,9,4,3,0,2,277
454,10,0,3,3,2,18893
455,10,0,1,1,2,39027
456,10,2,1,0,2,98
457,10,3,1,1,0,8938
458,10,5,1,3,1,2309
459,11,0,2,2,0,33535
460,11,0,1,2,3,5082
461,11,2,0,0,0,4094
462,12,6,3,3,2,22201
463,12,6,1,1,2,44403
464,13,0,1,1,1,25292
465,8,6,2,4,3,99
466,9,4,1,0,0,109
467,10,1,3,2,0,859
468,10,2,1,3,3,2493
469,10,3,0,3,2,342
470,10,4,4,1,1,135
471,10,4,1,2,2,3964
472,11,1,4,0,3,1
473,11,4,1,0,3,226
474,12,0,0,1,0,234
475,12,3,2,1,3,10975
476,13,0,3,3,3,17163
477,9,0,0,4,1,2
478,9,0,3,1,2,2804
479,9,2,3,2,1,2528
480,9,3,4,3,0,3
481,9,3,4,3,3,11
482,10,1,2,1,2,3297
483,10,5,2,2,0,16081
484,11,0,3,4,0,25
485,11,1,1,1,0,9500
486,11,5,0,4,1,3
487,12,0,0,1,3,243
488,12,1,2,4,1,34
489,12,3,2,4,3,221
490,12,4,0,4,1,4
491,12,5,1,0,0,138
492,13,0,0,4,0,2
493,8,5,3,4,3,16
494,9,2,2,2,3,65547
495,9,6,0,0,0,10133
496,10,2,2,3,3,4674
497,10,4,3,3,1,20020
498,10,5,2,2,3,91085
499,11,0,3,3,1,12853
500,11,0,4,3,3,11
501,12,2,1,1,0,7590
502,12,4,4,0,1,5
503,12,6,4,3,1,14
504,8,5,2,0,3,5829
505,8,6,3,1,0,2234
506,9,1,0,3,1,309
507,9,4,1,1,1,34802
508,9,5,3,3,2,20294
509,10,1,0,4,1,4
510,10,1,0,0,2,14879
511,10,1,4,2,3,19
512,10,6,4,0,2,5
513,11,0,1,1,0,31750
514,11,1,0,4,1,3
515,11,2,4,3,2,7
516,11,3,4,1,0,31
517,11,3,0,3,2,304
518,11,4,4,3,3,9
519,12,3,1,1,2,30989
520,12,4,3,2,3,1647
521,9,1,2,3,1,969
522,9,4,4,0,1,2
523,9,6,1,0,1,155
524,10,0,3,0,1,278
525,10,2,1,1,1,31540
526,10,3,1,3,0,935
527,10,3,0,0,1,17263
528,10,3,4,0,2,3
529,10,5,2,0,0,1999
530,11,0,4,2,3,60
531,12,0,3,0,0,631
532,12,0,1,0,1,130
533,12,2,3,1,0,640
534,12,2,2,1,3,10735
535,12,4,4,1,2,128
536,8,5,0,4,0,1
537,8,5,4,2,1,63
538,8,5,3,4,2,6
539,8,6,0,2,0,1981
540,9,0,0,0,2,15882
541,9,3,3,3,3,18483
542,9,6,1,1,0,24788
543,10,1,2,3,0,1167
544,10,3,4,1,3,102
545,10,6,0,0,1,12385
546,11,2,4,0,1,3
547,11,2,2,2,3,55649
548,11,4,3,2,1,2824
549,11,5,1,2,0,1779
550,11,5,1,2,1,6976
551,11,6,1,2,2,7012
552,12,0,4,1,0,89
553,12,1,1,4,3,107
554,12,1,2,4,3,155
555,12,2,2,3,0,1371
556,12,3,4,0,3,3
557,12,4,3,1,2,1746
558,12,6,0,3,0,323
559,13,0,2,0,0,5130
560,13,0,2,2,1,31674
561,9,1,3,4,0,4
562,9,2,2,3,1,1151
563,9,5,0,1,3,335
564,9,6,0,2,1,3384
565,10,0,2,1,0,7648
566,10,0,0,3,1,302
567,10,0,4,2,1,46
568,10,3,3,3,1,19591
569,10,4,1,0,2,114
570,10,4,4,3,2,6
571,10,5,0,3,0,164
572,10,6,3,3,1,15954
573,10,6,4,4,1,1515
574,11,0,3,3,3,18368
575,11,6,3,2,1,3576
576,11,6,2,1,3,10373
577,12,0,2,3,0,4427
578,12,0,4,0,2,2
579,12,5,0,2,2,3126
580,12,6,4,2,1,58
581,8,6,1,0,1,140
582,9,3,1,1,2,35376
583,9,5,2,1,3,12364
584,9,6,0,0,1,12396
585,10,1,3,4,2,7
586,10,3,4,2,1,68
587,10,4,4,0,0,2
588,12,1,1,3,0,1031
589,12,6,3,3,1,15759
590,12,6,1,4,3,217
591,8,6,2,1,1,2696
592,8,6,3,0,1,290
593,9,2,1,1,1,31406
594,9,2,4,3,2,8
595,9,4,1,0,2,124
596,10,0,0,4,0,1
597,10,5,1,1,0,11491
598,10,6,0,1,1,223
599,11,1,4,0,1,2
600,11,1,2,2,3,49305
601,11,3,3,1,3,2395
602,11,4,3,2,3,1707
603,11,5,3,4,1,7
604,12,6,3,1,2,3731
605,9,0,0,1,0,194
606,9,1,3,2,3,1369
607,9,3,0,3,2,281
608,9,4,2,3,1,1178
609,9,6,2,2,3,94480
610,10,0,4,0,3,5
611,11,4,3,0,3,417
612,11,5,0,2,0,1148
613,12,0,2,0,3,4568
614,12,2,1,0,3,193
615,12,3,0,0,3,15584
616,12,5,0,4,3,2
617,8,5,4,4,0,447
618,8,5,2,3,2,1755
619,9,0,3,4,0,17
620,9,3,4,3,2,10
621,9,4,3,3,2,19493
622,9,5,2,2,3,88398
623,9,6,4,3,3,15
624,10,2,3,0,1,372
625,10,2,0,0,3,15315
626,10,3,4,1,1,127
627,11,0,2,2,3,48266
628,11,5,3,0,2,318
629,11,6,0,1,3,381
630,12,6,0,0,2,18713
631,13,0,1,2,1,4983
632,9,1,4,2,1,57
633,9,2,0,1,3,140
634,9,6,0,2,2,3745
635,10,1,1,4,2,112
636,10,4,0,1,3,186
637,11,1,4,1,1,123
638,11,2,2,0,0,1245
639,12,1,2,4,0,28
640,12,3,0,1,2,99
641,13,0,0,1,3,253
642,8,6,0,0,0,9468
643,8,6,0,0,1,11710
644,8,6,2,0,2,3150
645,9,2,0,2,1,3355
646,9,4,4,3,2,11
647,9,6,4,2,2,67
648,10,5,1,4,1,108
649,11,2,2,2,0,8891
650,11,2,3,4,2,6
651,11,3,2,3,0,1510
652,11,3,3,4,1,4
653,11,4,1,3,1,2314
654,11,5,2,1,0,4586
655,12,1,3,0,1,398
656,12,1,0,4,1,3
657,12,2,3,3,1,19484
658,12,2,1,4,2,107
659,12,3,3,3,0,5071
660,12,6,4,4,0,1025
661,13,0,3,4,3,16
662,8,5,4,0,2,4
663,9,2,4,2,3,23
664,9,3,1,3,2,1692
665,9,6,3,2,0,1389
666,10,0,3,2,1,2979
667,10,2,4,0,0,1
668,10,2,0,1,1,142
669,10,3,0,1,1,155
670,10,4,1,0,1,138
671,10,5,0,0,3,24858
672,11,6,0,0,0,10069
673,11,6,0,3,3,792
674,12,3,0,1,1,148
675,12,6,0,4,0,7
676,13,0,2,4,2,49
677,8,5,0,4,2,2
678,9,1,1,1,2,27464
679,9,1,2,2,2,45520
680,9,1,3,4,2,8
681,9,2,1,0,3,190
682,9,3,3,2,1,2716
683,9,4,1,2,3,4851
684,9,4,3,2,3,1745
685,9,5,4,4,1,2011
686,9,6,3,1,2,3294
687,10,0,0,2,2,3521
688,10,1,4,3,0,4
689,10,1,3,2,1,2890
690,10,1,4,2,1,69
691,11,0,3,4,1,7
692,11,0,2,4,3,54
693,11,1,1,3,2,1664
694,11,1,3,0,3,374
695,11,2,4,4,3,1336
696,11,2,3,3,3,15982
697,11,5,0,4,2,2
698,12,3,1,0,0,100
699,12,5,3,4,3,10
700,13,0,1,4,3,137
701,8,5,2,1,2,4128
702,9,1,1,2,3,3620
703,9,3,3,1,1,2052
704,9,3,4,3,1,6
705,9,3,2,2,3,73470
706,10,1,4,2,2,51
707,10,1,1,1,3,32694
708,10,5,3,1,1,2323
709,10,5,1,1,3,56988
710,11,5,2,3,3,5126
711,12,1,3,3,3,15058
712,12,1,3,0,3,402
713,12,4,1,4,1,116
714,12,5,0,3,3,626
715,9,2,4,3,0,2
716,9,2,0,2,3,2470
717,9,3,4,2,1,78
718,9,3,4,4,3,1461
719,9,4,1,3,0,963
720,9,4,2,2,2,59832
721,9,5,4,3,3,11
722,9,6,2,3,3,4565
723,10,0,3,2,3,1926
724,10,2,2,3,1,1120
725,10,3,2,4,0,43
726,10,4,4,0,2,2
727,11,3,0,2,0,913
728,11,3,3,1,2,1728
729,12,2,0,4,0,1
730,12,4,2,1,0,3097
731,12,4,0,2,0,1020
732,8,5,2,1,0,4223
733,8,6,2,2,3,91451
734,9,0,2,4,1,40
735,9,1,3,3,2,15029
736,9,4,3,0,0,172
737,9,5,0,2,2,2986
738,10,1,3,3,0,5537
739,10,1,3,1,2,1552
740,10,4,1,2,1,7333
741,10,5,0,1,0,98
742,10,6,3,2,2,3805
743,11,0,2,1,0,8859
744,11,1,2,1,0,2020
745,11,2,1,4,2,109
746,12,1,2,1,3,8097
747,12,2,1,2,2,3336
748,8,5,1,4,3,171
749,9,4,4,2,1,73
750,9,6,2,2,2,69777
751,10,0,2,2,3,48346
752,10,4,4,4,0,386
753,10,5,1,0,3,336
754,10,6,3,3,0,11831
755,11,0,1,1,2,38814
756,11,1,2,3,2,1539
757,11,1,4,1,3,94
758,12,2,1,0,2,96
759,12,5,2,2,2,53304
760,8,5,3,2,1,2841
761,8,5,4,1,3,154
762,10,4,0,2,1,3835
763,11,0,0,2,0,2825
764,11,1,0,1,2,125
765,11,2,4,3,0,1
766,12,0,4,4,0,1313
767,12,2,4,4,1,1882
768,12,5,0,0,3,21689
769,9,5,1,1,2,36882
770,9,5,3,0,3,569
771,10,2,2,0,1,2546
772,10,2,4,0,1,2
773,11,2,1,1,1,30309
774,11,2,2,2,2,44181
775,11,4,3,2,0,718
776,11,4,0,0,3,18297
777,11,5,0,2,1,4105
778,11,5,0,0,2,18462
779,11,5,0,0,3,22989
780,11,6,3,0,2,492
781,11,6,1,0,3,369
782,12,1,0,0,3,14165
783,12,2,1,1,2,29930
784,12,2,2,1,2,3418
785,12,4,1,1,1,32805
786,12,4,1,0,1,174
787,12,4,4,3,2,10
788,12,5,1,2,2,4172
789,12,5,2,1,2,4500
790,12,5,1,0,2,143
791,12,5,0,1,3,263
792,8,5,4,1,0,50
793,9,0,4,1,1,87
794,9,1,3,2,0,781
795,9,4,2,4,3,272
796,10,0,4,2,3,56
797,10,1,3,3,3,15210
798,10,2,2,1,0,2328
799,10,2,1,2,1,6546
800,10,3,3,0,1,389
801,10,3,0,0,2,15886
802,10,5,4,0,3,3
803,10,6,2,4,0,112
804,10,6,1,4,2,154
805,11,0,2,0,0,4901
806,11,1,4,3,0,1
807,11,1,2,3,3,3928
808,11,5,0,2,2,3007
809,12,1,3,1,3,1984
810,12,2,4,0,0,1
811,12,3,4,3,0,7
812,12,3,2,2,2,46700
813,12,4,0,3,0,160
814,12,4,2,3,1,1153
815,13,0,3,2,2,2777
816,8,5,2,4,0,69
817,9,0,4,2,3,61
818,9,1,3,2,1,2649
819,9,2,2,0,0,1132
820,9,5,2,1,0,4387
821,9,5,0,1,1,175
822,9,5,4,2,1,69
823,10,1,2,1,3,8632
824,10,2,4,4,2,1951
825,10,6,4,2,2,96
826,11,4,2,3,0,1826
827,12,0,4,4,1,1027
828,12,1,0,0,0,5033
829,12,2,2,0,3,4235
830,13,0,2,2,0,34936
831,13,0,2,1,2,5062
832,9,3,3,4,2,4
833,9,5,0,3,1,404
834,10,1,2,0,3,3801
835,10,3,4,4,0,334
836,10,3,0,1,0,77
837,10,3,0,2,1,3675
838,10,3,3,2,2,1727
839,11,0,3,4,2,6
840,11,2,2,0,3,4074
841,11,3,3,2,0,669
842,11,3,1,2,3,4163
843,12,2,4,1,3,96
844,12,3,0,4,2,2
845,9,3,0,0,0,4196
846,9,3,1,3,1,2028
847,9,6,3,1,0,2080
848,10,1,0,3,0,145
849,10,2,1,3,2,1548
850,11,1,3,1,1,2189
851,11,4,0,2,2,2661
852,11,6,0,4,1,2
853,12,1,0,1,2,108
854,13,0,0,4,3,5
855,8,5,3,2,0,817
856,9,1,1,0,2,114
857,9,5,0,3,3,604
858,10,0,0,0,0,12386
859,10,3,0,3,0,139
860,11,0,1,0,0,402
861,11,4,0,1,1,148
862,12,3,3,1,1,2214
863,9,5,1,3,0,1277
864,10,3,1,1,1,31908
865,10,3,1,4,2,111
866,10,3,4,0,3,3
867,10,4,2,1,2,3593
868,11,0,0,3,1,340
869,11,5,4,1,2,156
870,12,0,4,0,3,1
871,12,4,3,0,0,196
872,12,5,0,2,1,4082
873,12,5,4,0,1,2
874,12,5,2,3,2,1898
875,8,5,0,3,0,170
876,8,6,4,4,2,1915
877,8,6,4,2,3,97
878,9,0,3,2,3,1734
879,9,1,0,3,3,288
880,9,2,4,1,0,39
881,10,6,2,0,1,1990
882,10,6,2,4,2,80
883,11,0,0,3,2,450
884,11,2,0,3,1,373
885,11,2,2,4,1,39
886,11,3,2,0,0,1317
887,11,3,4,4,3,1433
888,11,6,4,4,1,1417
889,12,1,1,4,0,55
890,12,2,2,3,1,1110
891,12,3,0,4,0,1
892,12,3,1,2,2,3490
893,12,3,1,3,3,2878
894,13,0,1,0,0,391
895,8,6,1,1,1,26298
896,8,6,1,3,3,4684
897,9,0,0,1,1,185
898,10,1,0,1,0,107
899,10,1,3,0,1,390
900,10,4,2,0,3,4889
901,10,6,0,2,0,2022
902,10,6,0,4,2,1
903,11,3,3,3,2,16897
904,11,4,0,0,1,18730
905,11,6,2,4,1,40
906,12,1,0,1,0,93
907,12,2,0,3,1,373
908,12,4,4,0,3,1
909,13,0,3,2,1,2618
910,13,0,0,0,3,16454
911,8,6,0,1,0,143
912,9,1,3,3,3,14907
913,9,2,1,4,3,122
914,10,1,4,0,1,2
915,10,3,2,1,0,2802
916,10,3,3,2,0,681
917,10,4,3,2,3,1619
918,10,5,4,3,1,6
919,11,4,2,4,1,41
920,11,4,1,2,3,4993
921,11,6,0,1,2,228
922,12,2,1,1,1,31358
923,12,3,2,0,0,1463
924,8,6,3,3,3,25262
925,9,1,3,0,3,347
926,9,2,0,2,2,2519
927,10,4,1,3,0,1033
928,10,4,1,0,3,238
929,11,5,0,1,2,172
930,11,6,4,1,0,82
931,12,4,0,0,2,16548
932,12,6,2,3,3,4792
933,9,1,0,3,0,143
934,9,3,1,0,0,97
935,10,0,1,2,3,4734
936,10,1,3,0,3,333
937,10,5,4,3,2,9
938,11,0,3,1,2,2936
939,11,1,2,4,1,34
940,11,2,2,4,0,36
941,11,4,4,3,2,9
942,11,5,1,2,3,6532
943,12,3,2,2,3,62568
944,12,4,4,4,2,1905
945,12,4,2,3,2,1597
946,12,6,1,2,0,4682
947,13,0,4,2,0,18
948,8,5,3,4,1,9
949,9,1,1,0,0,123
950,9,1,3,1,2,1583
951,9,5,2,4,1,33
952,9,5,4,2,3,56
953,9,6,1,4,2,123
954,9,6,2,0,3,5583
955,10,4,2,2,1,50707
956,10,6,4,2,0,10
957,11,1,1,2,0,1517
958,11,1,3,4,0,4
959,11,4,1,0,2,132
960,12,2,2,3,3,4376
961,13,0,4,1,2,117
962,9,1,4,4,0,396
963,9,2,4,1,2,110
964,9,3,1,3,3,2779
965,9,4,3,4,2,5
966,11,0,3,2,2,2933
967,11,1,0,0,2,15180
968,11,2,1,1,3,34826
969,11,6,4,0,0,2
970,12,5,2,0,1,2662
971,13,0,0,3,2,440
972,8,6,0,1,3,344
973,9,0,2,4,3,47
974,9,1,0,4,1,3
975,9,2,2,3,3,4763
976,10,2,1,4,1,116
977,10,4,4,0,1,4
978,11,6,1,0,0,267
979,12,1,2,0,3,3869
980,12,2,4,0,1,2
981,9,0,3,3,2,18604
982,9,0,0,3,3,387
983,9,3,3,3,1,20140
984,9,5,4,1,0,38
985,10,0,1,4,2,136
986,10,1,1,4,0,40
987,10,1,2,1,1,1947
988,10,3,4,4,3,1385
989,11,1,1,3,0,1077
990,11,2,2,3,2,1473
991,11,4,2,4,2,49
992,11,5,3,1,0,998
993,11,6,4,3,1,9
994,11,6,3,1,2,3609
995,11,6,0,2,3,5388
996,12,0,2,2,3,43210
997,12,1,2,3,0,1204
998,12,1,1,2,2,3045
999,12,4,1,1,3,41754
1000,8,5,0,0,0,4809
1001,9,2,2,0,1,2478
1002,9,2,1,0,2,112
1003,9,3,4,4,1,1913
1004,9,3,3,4,1,5
1005,10,0,4,4,0,1195
1006,10,1,0,3,2,307
1007,10,1,1,0,2,109
1008,10,5,2,0,2,2752
1009,10,6,1,2,0,4173
1010,10,6,3,4,1,18
1011,11,0,3,1,0,2961
1012,11,0,3,2,1,2919
1013,11,1,3,4,2,9
1014,11,1,4,3,3,15
1015,11,2,0,2,2,2465
1016,12,4,4,0,0,2
1017,12,5,3,0,3,635
1018,13,0,3,1,0,2744
1019,9,1,2,3,0,960
1020,9,1,2,0,2,2255
1021,9,1,2,4,2,37
1022,9,3,1,2,2,3616
1023,10,0,0,0,3,16522
1024,10,1,3,3,1,19311
1025,10,3,1,0,0,115
1026,10,3,0,4,0,1
1027,10,4,4,2,2,48
1028,11,0,0,3,3,492
1029,11,1,1,0,1,169
1030,11,3,2,3,3,4811
1031,11,4,2,1,3,11481
1032,12,0,0,4,2,2
1033,12,6,3,1,0,2226
1034,9,0,1,3,2,2632
1035,9,3,1,1,1,33932
1036,9,4,0,3,3,359
1037,10,1,2,2,0,8779
1038,10,2,2,1,3,10294
1039,10,2,2,0,3,4192
1040,10,4,2,4,3,264
1041,11,4,2,0,3,4578
1042,11,5,3,3,0,6804
1043,11,5,2,0,3,5997
1044,11,6,2,2,1,34892
1045,12,0,4,3,0,8
1046,12,1,3,4,2,10
1047,12,1,2,3,3,3901
1048,12,5,1,1,2,36491
1049,12,6,1,2,3,11148
1050,9,0,3,0,2,427
1051,9,2,0,0,1,17033
1052,9,6,3,2,2,2951
1053,10,1,1,2,2,3250
1054,11,0,0,4,0,1
1055,11,1,4,4,0,406
1056,11,4,1,3,0,1097
1057,12,3,3,4,0,4
1058,12,4,2,0,0,1554
1059,12,4,1,4,3,155
1060,8,5,0,2,2,2958
1061,9,1,2,0,3,3417
1062,9,3,2,3,0,1382
1063,10,2,4,3,3,6
1064,10,5,1,2,3,7126
1065,10,6,3,3,3,28749
1066,11,0,2,0,2,3077
1067,11,3,1,1,3,40652
1068,11,6,3,2,0,1265
1069,12,1,3,4,1,11
1070,12,3,0,2,3,2719
1071,12,4,2,0,2,2673
1072,12,5,4,0,3,4
1073,12,6,2,3,0,4153
1074,9,0,1,0,0,345
1075,9,0,1,0,2,199
1076,9,2,1,4,2,120
1077,9,4,3,3,3,19457
1078,9,5,4,4,0,475
1079,9,5,0,0,2,18279
1080,9,6,2,3,1,1299
1081,9,6,1,2,2,8059
1082,10,0,2,2,1,41536
1083,10,3,2,4,1,41
1084,10,4,0,1,2,120
1085,10,6,2,2,0,27872
1086,11,2,2,1,1,2124
1087,11,2,0,0,2,15304
1088,11,2,1,2,3,3620
1089,11,3,4,1,2,121
1090,11,4,4,2,0,14
1091,11,5,3,1,3,3961
1092,12,1,3,1,1,2058
1093,12,4,4,2,1,69
1094,12,4,0,2,2,2745
1095,12,5,4,3,1,7
1096,12,5,4,2,3,72
1097,9,0,3,0,3,497
1098,9,4,0,1,1,157
1099,9,4,3,4,3,13
1100,10,3,2,2,1,50334
1101,10,3,4,1,2,109
1102,11,5,3,2,0,871
1103,11,5,2,0,1,2573
1104,11,6,2,0,2,3316
1105,12,0,3,3,3,16660
1106,12,4,2,3,3,5127
1107,9,2,3,3,0,4576
1108,9,3,0,2,1,3585
1109,9,4,0,2,0,1025
1110,9,5,2,2,1,53381
1111,9,5,4,0,1,2
1112,9,6,0,2,3,5119
1113,10,2,4,2,0,19
1114,10,5,3,0,1,449
1115,11,0,0,2,2,3618
1116,11,4,0,3,2,256
1117,11,5,4,3,3,19
1118,12,0,1,4,0,213
1119,12,1,2,1,1,1954
1120,12,1,0,2,1,3575
1121,12,5,1,1,3,50404
1122,8,6,1,1,2,41991
1123,9,2,3,2,3,1348
1124,10,0,0,4,3,5
1125,10,2,2,0,2,2449
1126,10,2,4,1,2,118
1127,10,3,0,4,2,2
1128,10,6,0,3,2,482
1129,11,1,3,1,0,954
1130,11,5,3,2,2,1809
1131,11,5,4,4,2,2194
1132,12,1,1,1,2,28849
1133,12,2,0,1,2,107
1134,12,4,0,4,0,1
1135,13,0,1,4,1,83
1136,8,5,1,2,0,1818
1137,8,6,4,4,0,971
1138,9,6,4,1,1,134
1139,10,1,3,3,2,16294
1140,10,2,3,4,1,4
1141,10,4,3,0,2,288
1142,10,6,3,0,0,475
1143,11,1,2,4,0,27
1144,11,3,4,2,2,39
1145,11,3,0,1,3,185
1146,12,2,3,4,3,9
1147,12,5,0,4,2,3
1148,13,0,3,1,1,1952
1149,8,5,2,1,3,12117
1150,9,4,1,2,1,6985
1151,9,4,1,4,3,159
1152,9,6,3,4,2,16
1153,9,6,3,1,3,5068
1154,10,0,0,1,0,213
1155,10,0,3,4,2,9
1156,10,2,1,3,1,2020
1157,10,3,0,2,2,2725
1158,10,4,2,2,2,53294
1159,11,2,0,2,3,2391
1160,11,3,4,3,0,1
1161,11,5,4,1,0,33
1162,11,6,2,1,0,7852
1163,11,6,2,0,0,4001
1164,11,6,3,0,3,802
1165,12,0,3,2,0,1630
1166,12,0,4,2,1,41
1167,12,1,4,0,0,5
1168,12,3,0,2,1,3594
1169,12,5,2,3,1,1227
1170,12,5,0,3,1,516
1171,12,5,3,0,2,320
1172,12,6,4,1,3,219
1173,13,0,0,1,1,190
1174,13,0,2,3,2,2308
1175,8,6,3,2,1,2862
1176,9,0,4,4,2,2671
1177,9,1,0,0,3,13792
1178,9,4,2,4,2,46
1179,9,6,4,0,2,2
1180,10,0,0,1,2,210
1181,10,2,4,4,0,321
1182,10,2,2,4,2,66
1183,11,2,1,4,1,123
1184,11,4,4,4,1,1985
1185,11,5,1,3,0,1373
1186,11,6,4,0,1,1
1187,12,2,3,4,0,4
1188,12,3,3,0,3,418
1189,8,5,0,2,0,1193
1190,8,5,3,0,2,294
1191,8,6,2,4,1,44
1192,9,1,3,1,1,1777
1193,9,2,4,2,1,67
1194,9,4,4,4,2,2025
1195,10,1,4,1,0,30
1196,10,3,2,3,1,1138
1197,10,3,2,3,2,1484
1198,10,4,1,3,3,2879
1199,11,5,1,4,1,111
1200,13,0,2,2,2,64147
1201,13,0,4,3,2,15
1202,13,0,3,1,3,2939
1203,8,5,2,2,3,87398
1204,9,0,1,2,1,4754
1205,9,6,0,3,0,299
1206,10,1,3,2,2,1503
1207,10,2,4,0,3,1
1208,10,4,3,4,2,3
1209,10,5,4,1,2,168
1210,11,3,0,1,1,148
1211,11,6,2,3,1,1511
1212,11,6,1,4,1,126
1213,12,0,4,4,2,1505
1214,12,3,3,0,1,407
1215,8,5,1,4,2,114
1216,8,6,0,3,0,233
1217,9,1,0,0,1,12055
1218,9,1,1,4,3,109
1219,12,2,4,1,1,141
1220,8,6,4,3,0,8
1221,9,0,4,0,3,2
1222,9,2,3,2,0,687
1223,10,0,0,0,1,9764
1224,10,3,1,2,2,3435
1225,11,2,3,1,2,1588
1226,12,3,4,2,1,64
1227,12,5,4,4,0,436
1228,12,5,3,3,2,20117
1229,12,6,3,3,0,11959
1230,9,1,1,1,3,32512
1231,9,2,4,1,1,121
1232,10,4,0,0,1,17864
1233,10,4,1,4,2,128
1234,10,5,0,2,0,1161
1235,11,0,2,4,0,147
1236,12,4,4,2,2,49
1237,12,5,2,4,2,74
1238,12,6,2,3,1,1575
1239,12,6,4,2,2,60
1240,13,0,4,0,0,1
1241,13,0,1,2,3,4706
1242,9,3,0,0,3,16808
1243,10,0,2,1,2,5232
1244,10,1,0,2,1,3543
1245,10,1,0,2,2,2612
1246,10,3,2,1,2,3423
1247,10,6,1,3,0,3111
1248,10,6,2,3,2,2447
1249,11,0,3,0,0,677
1250,11,0,0,2,1,2803
1251,11,1,2,1,1,1927
1252,11,2,3,0,2,240
1253,11,3,3,2,2,1687
1254,11,3,1,3,3,2776
1255,11,5,2,4,0,73
1256,11,6,2,1,2,5901
1257,12,2,2,2,2,45320
1258,12,2,2,0,2,2538
1259,12,5,1,4,0,51
1260,12,5,2,4,1,39
1261,12,5,1,2,3,7094
1262,12,6,0,4,3,8
1263,8,6,1,0,2,198
1264,9,3,0,3,3,382
1265,10,3,4,2,0,15
1266,10,4,3,2,0,758
1267,11,2,4,2,3,28
1268,11,6,1,2,1,5527
1269,12,1,4,1,3,88
1270,12,2,0,1,1,165
1271,12,3,1,4,0,41
1272,12,5,3,2,2,1819
1273,13,0,0,0,1,9853
1274,9,1,0,3,2,253
1275,9,3,0,4,1,1
1276,9,3,3,1,3,2285
1277,9,4,3,1,2,1736
1278,9,5,2,0,2,2732
1279,10,0,2,0,2,2927
1280,10,1,3,1,1,2020
1281,10,1,1,3,2,1663
1282,10,6,0,2,1,3588
1283,11,0,4,0,2,5
1284,11,2,0,0,3,14811
1285,11,3,3,0,0,160
1286,11,3,0,0,2,15762
1287,11,4,1,0,0,123
1288,11,4,1,4,2,122
1289,11,6,1,1,1,26695
1290,11,6,4,2,3,114
1291,12,1,4,4,0,396
1292,12,5,1,2,1,6755
1293,8,6,4,0,3,8
1294,9,0,1,2,3,4666
1295,9,4,0,0,1,17994
1296,9,6,2,2,1,37355
1297,9,6,4,2,3,128
1298,10,4,2,3,2,1540
1299,10,5,2,2,1,48292
1300,10,5,0,0,2,17562
1301,10,6,2,0,0,4207
1302,11,1,3,2,0,903
1303,11,2,3,3,1,18823
1304,12,0,1,1,3,35507
1305,12,2,4,2,0,16
1306,12,5,4,2,0,17
1307,12,6,2,4,3,125
1308,13,0,1,1,3,36305
1309,9,2,2,0,3,4159
1310,10,0,2,2,0,35913
1311,10,0,1,2,1,5513
1312,10,0,1,1,3,35042
1313,10,3,4,3,0,3
1314,10,3,3,4,0,4
1315,10,5,4,1,1,144
1316,10,5,2,1,3,11624
1317,10,6,0,4,1,7
1318,11,0,2,4,1,35
1319,12,0,1,0,0,353
1320,12,0,1,1,1,24113
1321,12,2,0,0,3,15417
1322,12,4,2,1,1,2271
1323,12,4,1,3,3,3000
1324,13,0,3,4,0,15
1325,8,5,3,1,3,3922
1326,8,6,2,3,2,2286
1327,8,6,0,0,3,21616
1328,9,1,4,0,3,2
1329,9,2,1,2,3,3954
1330,9,4,1,4,1,89
1331,9,5,1,1,0,11850
1332,9,5,1,0,0,120
1333,10,0,1,4,3,145
1334,10,3,3,3,3,16911
1335,10,4,0,2,0,1032
1336,11,1,0,2,0,1230
1337,11,1,4,2,1,70
1338,11,3,3,1,0,732
1339,11,4,4,0,0,2
1340,11,5,3,4,0,5
1341,11,5,0,1,1,152
1342,12,1,4,3,3,6
1343,12,2,0,3,0,142
1344,12,4,0,3,2,374
1345,12,5,4,1,0,47
1346,8,6,4,3,1,7
1347,10,1,1,1,0,9206
1348,10,6,4,1,3,245
1349,11,1,4,2,0,15
1350,11,1,0,3,1,408
1351,11,2,2,0,2,2463
1352,11,4,3,0,1,412
1353,11,5,3,3,2,20590
1354,11,6,4,2,0,22
1355,13,0,0,0,2,16728
1356,9,1,2,1,2,3362
1357,9,1,2,3,3,3666
1358,9,2,0,1,0,87
1359,9,2,3,0,1,335
1360,9,5,3,2,0,849
1361,10,0,3,1,1,1938
1362,10,3,2,2,2,52220
1363,11,1,3,3,1,19116
1364,11,4,4,2,1,98
1365,12,1,3,2,0,828
1366,12,1,1,4,1,108
1367,12,3,1,2,1,6459
1368,12,4,4,4,1,1866
1369,12,6,1,3,3,5072
1370,8,5,1,1,3,52188
1371,9,2,3,3,3,16755
1372,9,4,1,1,0,9484
1373,10,0,3,3,3,15967
1374,10,1,0,2,0,1180
1375,10,1,4,4,0,353
1376,10,1,0,2,3,2296
1377,10,2,3,1,3,2098
1378,10,4,2,0,2,2664
1379,10,4,3,3,3,18895
1380,10,5,4,0,2,2
1381,10,6,4,4,2,1940
1382,11,2,0,3,2,300
1383,11,2,3,4,3,9
1384,11,4,0,1,3,179
1385,11,6,1,4,0,153
1386,12,0,4,0,0,4
1387,12,2,0,1,0,81
1388,12,5,4,1,1,145
1389,13,0,4,1,3,135
1390,8,6,0,3,3,678
1391,9,0,1,1,1,22487
1392,9,2,0,1,1,155
1393,9,3,0,3,0,128
1394,9,4,4,0,3,2
1395,9,5,1,0,1,141
1396,9,6,0,0,3,23095
1397,9,6,4,0,3,3
1398,10,4,1,0,0,112
1399,10,5,0,3,2,355
1400,11,0,1,4,0,196
1401,11,4,3,3,1,21717
1402,11,5,4,4,3,2341
1403,12,0,0,0,2,15776
1404,12,0,3,0,3,636
1405,12,6,1,0,0,330
1406,13,0,3,3,2,20659
1407,8,5,4,1,1,125
1408,8,6,0,2,2,3569
1409,9,2,2,0,2,2456
1410,9,3,0,4,0,1
1411,9,3,2,3,1,1146
1412,9,4,4,3,0,7
1413,10,0,4,4,1,1058
1414,10,0,0,4,1,2
1415,10,1,0,1,3,143
1416,10,4,4,2,1,83
1417,10,5,0,3,1,464
1418,10,6,1,1,2,41378
1419,11,0,1,1,3,38147
1420,11,4,1,1,2,39640
1421,11,4,2,0,2,2778
1422,11,5,0,3,1,428
1423,12,2,0,2,0,906
1424,12,6,4,1,1,158
1425,13,0,1,2,2,6279
1426,8,6,1,0,3,351
1427,9,0,3,4,1,8
1428,9,1,1,4,2,73
1429,9,2,1,3,0,850
1430,9,2,3,0,0,143
1431,9,2,1,0,1,143
1432,9,3,0,1,0,70
1433,9,3,4,2,3,25
1434,9,5,4,0,0,1
1435,8,6,2,1,0,6926
1436,9,0,2,3,1,1178
1437,9,1,4,0,2,1
1438,10,1,1,0,0,119
1439,10,3,4,4,2,1883
1440,10,3,0,1,2,102
1441,10,6,4,4,3,2432
1442,11,2,3,2,1,2589
1443,11,3,4,2,1,61
1444,11,6,4,4,2,1936
1445,12,6,1,2,2,7552
1446,9,2,4,4,1,1838
1447,10,1,1,4,1,93
1448,10,6,3,2,0,1394
1449,11,1,3,3,0,5948
1450,11,3,3,3,1,19256
1451,12,0,1,3,3,3221
1452,12,0,4,1,3,151
1453,12,2,4,3,0,3
1454,12,5,1,3,1,2333
1455,12,6,3,2,3,3790
1456,13,0,1,3,1,1946
1457,13,0,3,4,2,10
1458,8,5,2,3,1,1183
1459,9,0,3,2,1,2416
1460,9,0,2,1,3,6407
1461,9,1,1,3,0,978
1462,9,2,3,1,1,1976
1463,9,2,2,3,2,1475
1464,9,3,0,2,2,2729
1465,9,5,0,0,1,18462
1466,10,3,3,0,0,158
1467,10,4,3,4,1,9
1468,10,4,1,4,3,182
1469,11,6,2,4,0,150
1470,13,0,0,1,0,244
1471,8,5,0,1,1,143
1472,8,6,1,2,3,10847
1473,9,1,3,0,1,275
1474,9,1,0,0,2,13521
1475,9,1,0,1,3,176
1476,9,4,2,1,0,2863
1477,9,5,1,2,1,6864
1478,9,5,1,3,1,2376
1479,9,5,1,1,3,53972
1480,9,5,0,0,3,22886
1481,10,0,4,0,2,3
1482,10,1,2,3,2,1475
1483,11,2,3,3,0,4561
1484,11,6,3,1,0,2336
1485,12,1,1,2,0,1484
1486,12,2,4,0,2,2
1487,12,4,1,1,0,9610
1488,12,6,3,0,2,524
1489,8,6,4,1,0,62
1490,8,6,3,4,2,11
1491,9,0,4,4,0,1048
1492,9,0,4,3,0,7
1493,9,1,4,0,1,1
1494,9,4,0,2,3,3031
1495,9,5,2,2,2,58046
1496,9,5,1,3,2,2013
1497,9,6,1,1,3,59277
1498,9,6,1,2,3,11349
1499,10,2,3,3,1,19749
1500,10,4,4,3,3,8
1501,10,6,3,4,2,9
1502,11,2,4,2,0,16
1503,11,3,1,2,1,6438
1504,11,5,2,4,1,35
1505,12,2,4,2,2,38
1506,12,3,3,0,0,156
1507,12,3,2,1,2,3497
1508,12,6,2,4,2,56
1509,12,6,2,1,3,10355
1510,12,6,4,2,3,93
1511,9,1,2,4,1,22
1512,9,2,4,2,2,53
1513,9,4,0,1,3,200
1514,9,5,4,2,2,54
1515,10,0,3,3,0,13766
1516,10,1,2,0,2,2368
1517,10,2,0,2,0,930
1518,10,4,1,4,0,45
1519,10,4,2,3,1,1115
1520,10,4,0,3,2,317
1521,10,5,3,1,0,974
1522,10,6,2,1,3,11812
1523,12,1,2,0,2,2571
1524,12,2,3,1,1,1932
1525,13,0,2,3,1,1421
1526,8,5,4,3,1,6
1527,8,5,3,2,3,2510
1528,8,6,3,2,3,3660
1529,10,1,1,0,1,132
1530,10,3,3,1,1,2124
1531,11,0,2,3,2,2259
1532,11,0,0,1,2,194
1533,11,4,4,2,3,38
1534,11,5,1,0,0,143
1535,12,1,4,1,1,143
1536,12,3,2,4,1,27
1537,12,3,0,0,1,17581
1538,12,6,2,0,1,2600
1539,8,5,2,2,0,16091
1540,8,5,4,0,1,2
1541,8,6,2,3,1,1298
1542,10,0,2,0,0,4525
1543,10,2,2,3,0,1416
1544,10,3,4,4,1,1869
1545,10,5,4,3,0,5
1546,11,0,3,0,1,284
1547,11,0,1,0,1,146
1548,11,0,3,2,3,2266
1549,11,1,1,3,1,2075
1550,11,5,4,0,0,1
1551,12,4,1,2,2,3611
1552,12,5,0,1,0,78
1553,12,6,0,0,0,10174
1554,8,5,4,2,0,15
1555,8,5,2,4,1,33
1556,8,6,1,2,0,4181
1557,9,0,2,4,2,61
1558,9,0,3,3,3,17295
1559,9,1,1,1,1,24612
1560,9,3,1,0,2,98
1561,9,4,4,1,0,41
1562,10,3,2,4,3,227
1563,10,4,1,3,2,1749
1564,11,3,0,1,0,64
1565,11,3,1,1,1,31066
1566,11,3,1,3,2,1612
1567,11,3,0,4,2,2
1568,11,3,1,4,3,131
1569,11,4,4,3,0,2
1570,11,6,1,2,0,4475
1571,12,0,1,2,1,4956
1572,12,0,3,2,2,3055
1573,12,5,4,3,3,12
1574,8,6,1,0,0,264
1575,9,0,2,0,2,2954
1576,9,1,2,0,0,1418
1577,9,1,0,2,2,2269
1578,9,3,0,1,2,109
1579,10,3,0,4,1,5
1580,10,5,3,4,1,5
1581,10,5,3,0,2,335
1582,11,1,3,2,1,2766
1583,11,2,4,4,2,1760
1584,11,4,0,4,1,5
1585,12,0,4,3,2,11
1586,12,1,1,4,2,100
1587,12,2,3,2,2,1555
1588,12,2,3,2,3,1445
1589,12,2,0,3,3,345
1590,13,0,3,0,0,651
1591,9,4,4,2,0,9
1592,9,5,1,0,2,135
1593,9,6,1,2,1,6247
1594,10,4,4,1,0,43
1595,11,3,4,4,1,1820
1596,11,3,2,4,3,217
1597,11,4,3,0,0,213
1598,11,4,3,0,2,266
1599,12,1,0,4,3,1
1600,13,0,0,3,0,428
1601,13,0,4,3,0,8
1602,9,1,2,2,0,8840
1603,9,1,4,1,3,100
1604,9,4,2,3,3,5283
1605,9,5,4,0,2,2
1606,10,0,1,2,0,5619
1607,10,0,0,4,2,3
1608,10,2,2,2,0,9909
1609,10,2,4,1,1,140
1610,10,5,2,3,2,1785
1611,10,6,4,1,2,180
1612,11,1,3,0,0,237
1613,11,4,1,0,1,134
1614,11,4,4,4,2,2184
1615,11,6,4,1,3,260
1616,12,3,1,4,2,121
1617,8,5,1,2,1,6394
1618,9,0,3,0,1,249
1619,9,0,4,1,2,164
1620,9,0,0,2,3,3138
1621,9,0,1,4,3,114
1622,9,3,2,4,0,49
1623,9,5,3,2,1,2849
1624,10,5,2,4,0,63
1625,10,6,1,4,0,134
1626,10,6,3,0,2,488
1627,11,1,4,2,3,18
1628,11,5,2,1,2,4114
1629,12,2,4,4,0,326
1630,12,5,2,0,2,2838
1631,9,3,1,1,0,8726
1632,9,3,4,2,0,13
1633,9,4,0,3,0,144
1634,9,4,4,1,1,130
1635,9,6,4,4,2,2028
1636,10,0,3,0,3,546
1637,10,6,4,1,0,64
1638,11,1,3,2,3,1274
1639,11,6,1,1,3,59116
1640,12,1,3,4,0,4
1641,12,1,0,4,0,1
1642,12,1,1,1,1,30081
1643,12,1,0,2,2,2572
1644,12,3,0,3,1,413
1645,12,5,1,3,3,4122
1646,12,6,1,1,3,59591
1647,13,0,2,1,0,8150
1648,9,3,1,0,3,217
1649,9,4,0,0,0,4318
1650,9,5,1,2,3,7335
1651,10,0,2,1,1,2641
1652,10,2,3,3,3,16451
1653,10,5,3,2,1,2957
1654,10,6,4,3,0,6
1655,10,6,0,0,2,18156
1656,10,6,2,1,2,6316
1657,11,4,0,0,0,4383
1658,11,5,0,1,3,266
1659,12,0,3,1,3,3033
1660,12,1,3,2,2,1520
1661,9,0,3,2,2,2441
1662,9,2,2,2,1,50504
1663,9,3,1,0,1,129
1664,9,3,2,1,3,11389
1665,10,0,2,0,3,4034
1666,10,3,4,3,3,8
1667,10,4,3,1,2,1824
1668,10,5,1,2,2,3935
1669,11,0,2,4,2,65
1670,11,2,1,2,1,6072
1671,11,4,2,3,2,1548
1672,12,0,2,2,0,34359
1673,12,0,3,2,1,2862
1674,12,2,2,0,1,2493
1675,12,4,3,1,3,2633
1676,9,0,4,4,3,1891
1677,9,4,2,4,0,45
1678,9,6,1,4,3,223
1679,10,3,1,2,1,6739
1680,11,5,3,1,1,2415
1681,12,2,4,4,3,1402
1682,12,3,2,1,0,2694
1683,12,3,2,0,2,2553
1684,12,3,0,1,3,171
1685,12,6,3,0,0,502
1686,13,0,2,0,2,3379
1687,8,5,0,1,3,301
1688,9,1,0,1,1,135
1689,10,1,1,3,3,2274
1690,10,5,3,3,2,19323
1691,11,0,1,4,2,136
1692,11,1,0,0,1,16524
1693,11,4,4,1,3,125
1694,11,5,2,3,1,1255
1695,11,5,4,0,3,5
1696,11,6,4,4,0,1155
1697,12,0,0,0,1,9639
1698,12,0,1,4,2,139
1699,12,0,4,3,3,14
1700,12,2,3,2,0,675
1701,12,4,0,0,0,4410
1702,12,5,0,0,2,18751
1703,12,6,0,1,2,267
1704,9,2,0,0,2,16039
1705,9,2,4,0,3,1
1706,9,3,0,1,3,168
1707,9,5,0,4,2,2
1708,9,5,2,0,3,5903
1709,9,6,4,1,0,76
1710,10,0,0,1,1,166
1711,10,4,1,2,0,1562
1712,10,5,1,2,1,6909
1713,11,0,1,1,1,24517
1714,11,0,4,3,2,10
1715,11,2,4,0,3,1
1716,11,6,1,3,1,2445
1717,11,6,3,1,3,5409
1718,12,2,3,3,0,4576
1719,12,4,0,2,1,3745
1720,12,5,2,4,0,68
1721,9,0,3,1,1,1700
1722,9,2,3,1,0,680
1723,10,0,0,1,3,250
1724,10,4,0,0,3,17523
1725,10,5,4,2,3,75
1726,11,1,4,3,1,7
1727,11,4,2,2,3,81003
1728,11,5,4,3,0,8
1729,11,5,3,4,3,11
1730,12,0,2,4,0,140
1731,12,3,2,3,2,1589
1732,13,0,1,0,2,226
1733,8,6,0,3,2,433
1734,9,1,0,2,1,2839
1735,9,4,2,0,0,1396
1736,9,5,0,1,0,98
1737,9,6,2,0,0,3937
1738,9,6,3,0,0,456
1739,10,1,1,2,1,6488
1740,10,6,0,3,0,279
1741,11,1,2,2,2,42803
1742,11,2,3,2,0,713
1743,11,2,3,0,1,388
1744,11,2,4,2,1,69
1745,11,2,3,1,3,2263
1746,11,5,3,3,3,25502
1747,11,6,4,4,3,2261
1748,12,1,2,2,0,8328
1749,12,2,4,3,2,7
1750,9,0,3,1,0,2858
1751,9,6,2,0,1,1980
1752,9,6,1,3,1,2068
1753,9,6,2,1,2,7134
1754,10,0,4,2,0,27
1755,10,0,0,3,3,512
1756,10,4,0,3,0,140
1757,11,2,4,4,1,1776
1758,11,6,4,2,1,52
1759,12,1,4,2,2,41
1760,12,3,1,1,1,32063
1761,12,5,3,1,1,2339
1762,13,0,1,3,0,3903
1763,8,5,0,0,3,21787
1764,8,6,4,1,2,179
1765,8,6,1,4,2,150
1766,9,0,2,0,0,4304
1767,9,1,1,2,0,1158
1768,10,0,1,0,2,227
1769,10,5,0,3,3,555
1770,11,2,2,4,2,46
1771,11,3,4,0,1,1
1772,12,0,2,1,3,5535
1773,12,3,4,3,2,6
1774,12,5,3,1,3,3692
1775,8,5,1,0,3,304
1776,8,6,2,2,2,69809
1777,9,4,3,0,3,407
1778,9,5,0,1,2,132
1779,9,6,1,2,0,4237
1780,10,3,2,2,0,11290
1781,10,4,3,2,2,1656
1782,10,5,2,1,0,4561
1783,10,6,0,1,3,383
1784,11,1,4,4,1,1740
1785,8,5,3,3,0,5772
1786,8,6,2,4,2,51
1787,9,4,0,2,2,2814
1788,9,5,3,4,0,9
1789,9,6,2,4,2,47
1790,10,0,4,0,1,1
1791,10,1,0,1,1,158
1792,10,1,4,1,2,114
1793,10,2,4,1,0,35
1794,10,2,0,3,2,266
1795,10,4,0,0,2,16800
1796,10,6,1,4,1,120
1797,10,6,0,3,3,726
1798,11,1,0,1,3,145
1799,11,2,2,3,3,4302
1800,11,3,2,3,2,1660
1801,11,4,3,4,0,6
1802,12,0,0,3,1,361
1803,12,3,4,2,2,37
1804,12,4,1,0,2,112
1805,13,0,4,4,3,1124
1806,8,6,1,3,0,2951
1807,8,6,1,4,0,130
1808,8,6,1,4,3,187
1809,9,0,3,2,0,1748
1810,9,5,0,3,2,371
1811,10,4,2,4,0,70
1812,10,4,0,4,2,4
1813,10,5,4,2,1,80
1814,10,6,3,4,0,14
1815,10,6,1,3,1,2110
1816,11,0,3,0,3,569
1817,11,2,1,0,0,86
1818,11,3,3,1,1,2063
1819,11,4,0,3,0,146
1820,11,4,4,1,1,136
1821,11,6,2,2,3,91588
1822,12,0,0,3,3,500
1823,12,1,4,3,0,7
1824,12,2,2,4,1,37
1825,12,4,4,2,3,33
1826,12,5,3,1,2,2187
1827,12,5,0,2,3,4132
1828,13,0,2,3,0,4487
1829,8,6,1,3,1,1977
1830,9,1,2,3,2,1322
1831,9,1,4,4,3,1156
1832,9,6,2,3,2,2461
1833,10,1,2,2,2,46191
1834,10,1,1,1,2,28506
1835,10,3,2,0,1,2586
1836,10,4,3,1,3,2518
1837,11,2,4,1,2,106
1838,11,3,3,4,0,4
1839,11,3,3,0,3,358
1840,11,4,1,3,2,1838
1841,12,0,0,3,0,427
1842,12,1,2,1,2,3331
1843,12,1,0,1,3,133
1844,12,1,4,2,3,27
1845,8,5,3,1,0,901
1846,8,5,3,2,2,1743
1847,9,0,4,0,0,2
1848,9,3,0,2,3,2680
1849,9,6,3,0,3,728
1850,10,2,4,0,2,3
1851,10,4,2,3,3,5194
1852,11,2,2,2,1,43742
1853,11,3,1,4,0,35
1854,11,4,3,4,3,11
1855,13,0,4,0,1,2
1856,8,5,0,3,1,402
1857,8,5,1,3,2,2054
1858,9,1,3,2,2,1384
1859,10,0,4,3,0,9
1860,10,1,0,1,2,121
1861,10,4,4,1,2,117
1862,11,0,0,4,2,1
1863,11,3,4,4,2,1867
1864,11,3,2,4,2,49
1865,11,5,1,0,1,159
1866,11,6,4,0,3,8
1867,12,0,2,0,1,1701
1868,8,5,1,0,1,142
1869,9,3,1,2,1,6732
1870,9,5,3,1,3,3752
1871,9,6,4,1,2,161
1872,10,1,0,4,3,2
1873,10,4,3,0,1,386
1874,11,2,1,3,0,871
1875,11,2,0,1,2,99
1876,11,4,0,1,0,87
1877,11,4,2,2,1,56643
1878,11,6,3,4,3,6
1879,12,0,0,2,1,2889
1880,12,0,2,3,2,2335
1881,12,1,3,1,2,1650
1882,12,5,2,1,1,2521
1883,13,0,4,0,3,1
1884,8,5,0,2,3,4087
1885,8,6,4,4,1,1328
1886,10,0,1,4,1,74
1887,10,0,3,1,2,2742
1888,10,3,2,2,3,65433
1889,10,5,1,0,0,138
1890,11,5,2,1,3,11817
1891,12,1,0,0,1,17056
1892,12,3,3,0,2,277
1893,12,3,2,0,3,4531
1894,13,0,2,0,1,1867
1895,8,6,0,2,1,3178
1896,8,6,0,1,2,215
1897,9,0,4,3,3,10
1898,9,1,1,4,0,49
1899,9,1,3,0,2,254
1900,9,3,2,0,2,2598
1901,9,4,0,1,0,84
1902,9,5,4,1,2,149
1903,9,6,0,1,1,198
1904,9,6,2,0,2,3122
1905,10,6,3,1,3,5106
1906,11,0,1,4,1,95
1907,11,1,3,2,2,1518
1908,11,2,2,0,1,2396
1909,12,0,4,2,0,12
1910,12,2,4,3,1,3
1911,12,4,0,4,3,2
1912,12,5,4,2,2,59
1913,8,5,2,3,0,2354
1914,9,0,1,1,3,41268
1915,9,2,2,4,3,227
1916,10,0,1,2,2,6806
1917,10,0,2,1,3,6085
1918,10,1,4,4,1,1708
1919,10,1,0,3,1,392
1920,10,1,3,0,2,245
1921,10,2,2,4,3,217
1922,10,4,4,3,0,4
1923,10,5,1,3,2,2026
1924,10,6,1,2,2,8107
1925,11,0,4,1,3,163
1926,11,2,1,3,1,1949
1927,11,6,1,3,2,3473
1928,12,0,1,3,0,3923
1929,12,2,3,0,3,391
1930,12,6,2,2,1,32621
1931,12,6,4,4,3,2449
1932,13,0,1,2,0,6133
1933,13,0,4,3,1,4
1934,8,6,4,2,1,65
1935,9,2,1,3,1,2021
1936,9,2,3,0,2,261
1937,9,3,2,2,1,56143
1938,9,3,2,4,2,55
1939,9,4,0,0,2,17502
1940,9,6,3,3,0,11455
1941,9,6,2,4,0,123
1942,10,1,4,1,3,93
1943,10,2,0,2,1,3624
1944,10,3,4,3,1,10
1945,11,1,2,0,3,3754
1946,11,2,0,1,1,163
1947,11,6,1,0,1,193
1948,12,1,1,1,0,9268
1949,12,4,0,3,1,432
1950,12,4,1,2,3,4872
1951,9,0,1,3,0,3668
1952,9,0,4,3,1,7
1953,9,3,3,3,0,4896
1954,9,5,3,0,1,391
1955,10,3,0,3,1,376
1956,10,6,0,0,3,24610
1957,11,0,4,2,2,56
1958,11,3,2,0,1,2486
1959,11,4,2,4,3,228
1960,11,6,2,1,1,2577
1961,12,0,4,1,1,125
1962,12,1,4,2,1,80
1963,12,3,2,2,0,10565
1964,12,4,4,3,0,5
1965,12,5,0,4,1,4
1966,12,6,1,3,1,2323
1967,8,6,0,4,2,5
1968,9,2,3,4,1,5
1969,9,2,3,0,3,361
1970,9,3,0,2,0,902
1971,9,5,4,1,3,215
1972,10,0,4,1,3,158
1973,10,2,2,1,1,2073
1974,10,2,1,1,2,30238
1975,10,6,0,4,0,3
1976,11,1,0,0,0,5169
1977,11,1,1,2,1,6149
1978,11,4,2,2,0,11639
1979,12,0,4,3,1,6
1980,12,0,1,1,2,38567
1981,12,1,1,3,2,1591
1982,12,2,4,3,3,11
1983,12,4,0,3,3,454
1984,12,5,4,4,3,2190
1985,12,6,2,3,2,2526
1986,13,0,3,0,1,291
1987,13,0,2,0,3,4244
1988,13,0,2,4,3,47
1989,8,6,3,0,0,412
1990,9,0,4,0,2,4
1991,9,3,2,1,2,3689
1992,9,3,3,2,3,1430
1993,9,4,4,2,3,34
1994,9,5,3,0,2,309
1995,10,5,2,3,1,1222
1996,11,2,4,2,2,44
1997,11,3,4,3,1,12
1998,11,3,3,0,2,289
1999,11,5,4,1,1,154
2000,12,0,3,4,2,15
2001,12,1,0,1,1,150
2002,12,4,2,0,1,2968
2003,12,4,2,4,1,38
2004,12,6,1,4,2,133
2005,8,6,3,2,0,1385
2006,8,6,3,0,3,644
2007,9,1,4,1,0,42
2008,9,2,2,1,3,10605
2009,9,4,4,0,2,4
2010,10,0,4,1,1,125
2011,10,0,4,4,2,1509
2012,10,1,4,2,0,16
2013,10,2,3,2,0,670
2014,10,4,2,2,3,69253
2015,11,1,2,1,3,8351
2016,11,2,2,3,0,1310
2017,11,2,1,3,3,2611
2018,11,5,4,4,0,563
2019,11,5,1,2,2,3921
2020,12,0,3,0,1,326
2021,12,1,1,3,3,2230
2022,12,4,0,4,2,7
2023,8,5,1,2,2,3853
2024,8,6,3,4,1,10
2025,8,6,3,1,3,4840
2026,9,3,2,3,2,1550
2027,9,5,2,3,3,5279
2028,9,6,0,0,2,17673
2029,10,1,2,2,1,45026
2030,10,4,0,4,1,7
2031,11,0,0,1,1,212
2032,11,1,2,2,0,8998
2033,11,2,3,4,1,2
2034,11,6,3,0,1,365
2035,12,1,0,4,2,3
2036,12,2,1,3,2,1571
2037,12,6,0,3,1,488
2038,12,6,3,0,3,805
2039,9,3,4,4,0,382
2040,9,4,3,3,0,5061
2041,9,6,3,1,1,2122
2042,10,1,4,4,2,1844
2043,10,2,0,2,3,2498
2044,10,5,0,0,1,18299
2045,12,3,4,0,2,1
2046,10,3,2,0,0,1407
2047,10,5,4,0,1,2
2048,11,0,0,4,1,1
2049,11,4,2,1,0,3151
2050,12,0,1,3,2,3054
2051,12,3,3,3,1,19664
2052,12,5,4,4,1,1997
2053,12,6,3,2,0,1411
2054,13,0,1,1,0,32010
2055,9,1,2,1,0,1610
2056,9,1,4,0,0,4
2057,10,0,1,0,3,312
2058,10,6,4,4,0,1016
2059,10,6,3,1,2,3279
2060,11,3,0,3,0,140
2061,11,3,2,1,1,2114
2062,11,5,2,4,2,59
2063,9,0,0,3,0,387
2064,9,2,1,1,3,37553
2065,9,3,3,1,2,1790
2066,9,4,2,2,0,11906
2067,10,0,2,3,1,1273
2068,10,4,2,3,0,1779
2069,10,5,1,4,0,67
2070,10,6,1,0,1,167
2071,11,2,2,1,3,9777
2072,11,5,0,3,2,352
2073,12,1,0,3,0,185
2074,12,6,0,1,1,203
2075,9,0,2,1,0,7695
2076,9,1,0,1,2,94
2077,9,1,4,3,2,9
2078,9,3,2,0,1,2683
2079,9,3,3,4,3,4
2080,9,4,3,2,0,806
2081,9,4,0,2,1,3691
2082,9,5,2,0,0,2096
2083,9,6,0,3,1,414
2084,9,6,1,0,2,194
2085,10,1,4,4,3,1296
2086,10,4,2,1,3,11235
2087,10,5,0,1,3,284
2088,11,3,0,3,1,384
2089,12,2,0,2,1,3481
2090,12,2,0,0,2,15707
2091,12,4,1,3,0,1102
2092,13,0,4,1,1,118
2093,8,5,2,4,3,196
2094,8,6,4,4,3,2150
2095,9,2,1,3,3,2656
2096,9,6,2,4,1,36
2097,10,2,1,3,0,897
2098,11,0,4,1,2,158
2099,11,1,2,2,1,41879
2100,11,1,1,4,1,119
2101,11,1,0,1,1,182
2102,11,6,0,2,0,2071
2103,12,0,1,2,0,5787
2104,12,1,4,2,0,13
2105,12,1,4,3,1,8
2106,12,3,4,4,1,1804
2107,12,6,1,4,0,144
2108,8,5,4,1,2,155
2109,9,0,4,1,3,165
2110,9,2,2,2,2,53068
2111,9,3,4,1,1,132
2112,9,3,2,2,2,60391
2113,10,0,4,0,0,3
2114,10,1,0,3,3,295
2115,10,2,4,3,0,3
2116,10,4,2,4,2,58
2117,10,5,3,2,2,1858
2118,11,2,1,2,0,1197
2119,11,3,0,3,3,363
2120,11,5,1,4,2,119
2121,11,6,1,4,3,177
2122,12,0,0,2,0,2769
2123,12,1,3,2,3,1291
2124,12,2,3,2,1,2635
2125,12,2,3,1,3,2224
2126,12,5,3,3,0,6175
2127,9,2,2,3,0,1190
2128,9,4,0,0,3,17961
2129,10,0,3,0,0,547
2130,10,5,0,1,1,173
2131,10,5,3,0,3,597
2132,11,2,0,2,1,3560
2133,11,2,0,4,2,1
2134,11,5,4,0,2,2
2135,11,6,3,2,2,3509
2136,12,2,2,2,0,9106
2137,12,6,3,4,1,12
2138,12,6,0,4,1,3
2139,9,6,4,2,0,16
2140,9,6,2,4,3,122
2141,10,1,0,4,0,1
2142,10,5,0,2,1,4146
2143,11,0,1,3,1,1769
2144,11,2,3,2,2,1522
2145,11,3,1,4,2,112
2146,11,5,1,1,3,53352
2147,12,2,0,4,3,1
2148,12,3,4,1,0,38
2149,12,4,1,1,2,32079
2150,12,5,2,2,1,47297
2151,12,5,1,4,2,122
2152,12,5,4,0,2,3
2153,12,5,2,2,3,79585
2154,12,6,1,1,0,25544
2155,12,6,2,0,2,3612
2156,8,6,3,0,2,411
2157,9,4,2,1,2,3674
2158,10,2,0,3,0,158
2159,10,6,1,1,3,58172
2160,11,0,3,3,2,19329
2161,11,4,4,0,1,5
2162,11,4,3,1,2,1882
2163,11,6,0,3,0,295
2164,11,6,3,1,1,2371
2165,12,0,1,4,3,198
2166,12,1,4,4,1,1635
2167,12,1,4,1,2,127
2168,12,3,3,2,1,2838
2169,8,5,1,4,0,46
2170,9,0,1,2,2,6336
2171,9,1,2,4,0,19
2172,9,2,0,0,3,15818
2173,9,4,4,4,3,1694
2174,9,5,4,3,1,8
2175,10,3,1,0,1,145
2176,10,3,4,3,2,9
2177,10,5,2,0,1,2731
2178,10,5,3,1,3,3858
2179,11,1,1,1,1,30098
2180,11,4,3,1,0,840
2181,11,5,2,0,2,2808
2182,11,6,0,4,3,4
2183,12,1,4,4,2,1822
2184,12,3,3,3,3,17570
2185,12,4,3,2,0,725
2186,12,4,1,4,2,119
2187,12,4,3,4,3,14
2188,12,5,1,1,1,34501
2189,12,6,3,4,0,12
2190,9,1,0,1,0,53
2191,9,3,3,0,1,356
2192,9,3,4,0,2,3
2193,9,6,0,4,2,1
2194,9,6,0,1,3,361
2195,9,6,1,0,3,395
2196,10,1,0,0,1,16277
2197,10,2,1,1,3,36115
2198,10,5,1,3,0,1310
2199,11,0,1,4,3,171
2200,11,3,4,2,3,26
2201,11,4,4,0,3,1
2202,11,5,4,3,2,15
2203,11,6,0,2,2,3758
2204,12,1,0,3,1,394
2205,12,5,2,2,0,15843
2206,12,6,2,2,3,87005
2207,9,0,2,2,0,35109
2208,9,0,2,2,3,58348
2209,9,1,1,2,2,3230
2210,9,6,3,3,1,14842
2211,10,4,1,3,1,2232
2212,10,5,1,1,2,34041
2213,11,0,2,0,3,4549
2214,11,1,3,1,2,1635
2215,11,4,1,1,1,36773
2216,11,4,3,2,2,1646
2217,11,5,0,1,0,102
2218,12,0,3,3,2,18889
2219,12,2,2,1,1,2081
2220,12,6,1,0,2,240
2221,13,0,4,4,1,1053
2222,13,0,1,1,2,43031
2223,8,5,4,2,2,56
2224,8,5,3,0,3,583
2225,8,6,3,3,2,21025
2226,9,2,1,0,0,95
2227,10,2,1,2,2,3362
2228,11,0,2,0,1,1576
2229,11,1,4,0,2,9
2230,11,3,1,3,0,926
2231,11,5,2,3,0,2450
2232,11,6,3,3,3,27078
2233,12,0,2,0,0,4641
2234,12,0,0,2,2,3758
2235,12,0,2,4,2,44
2236,12,2,3,3,2,17430
2237,12,3,1,1,0,8741
2238,12,4,0,0,1,17987
2239,13,0,2,1,1,2462
2240,13,0,2,3,3,2911
2241,8,6,2,3,0,3539
2242,8,6,3,4,3,23
2243,9,0,0,2,1,2863
2244,9,1,1,1,0,9212
2245,9,2,0,3,0,156
2246,9,2,0,3,2,287
2247,9,3,0,0,1,17637
2248,9,5,3,3,3,24975
2249,9,5,0,4,3,7
2250,9,6,1,3,0,2894
2251,9,6,4,3,2,16
2252,10,0,1,0,1,139
2253,10,1,3,1,3,1973
2254,10,3,3,0,2,313
2255,11,0,4,4,3,1444
2256,11,1,3,3,2,16887
2257,11,3,1,3,1,2052
2258,12,0,1,1,0,31489
2259,12,0,0,4,3,3
2260,12,2,4,0,3,1
2261,12,3,0,0,2,16171
2262,13,0,0,2,2,3697
2263,13,0,1,4,2,124
2264,8,5,2,4,2,36
2265,9,2,1,1,2,30602
2266,9,6,3,4,0,19
2267,9,6,0,3,2,451
2268,10,0,4,4,3,1122
2269,10,1,3,4,1,7
2270,10,2,1,4,3,126
2271,10,3,3,1,3,2244
2272,10,6,1,1,0,25695
2273,11,1,0,2,2,2542
2274,11,1,1,4,3,109
2275,11,3,1,2,2,3350
2276,11,4,1,4,3,150
2277,11,5,2,0,0,1859
2278,11,5,3,2,3,2485
2279,12,4,4,1,0,38
2280,12,5,1,2,0,1850
2281,12,6,1,2,1,5831
2282,12,6,1,0,1,202
2283,12,6,0,3,2,565
2284,13,0,3,1,2,3034
2285,9,0,3,3,1,11460
2286,9,4,3,1,3,2593
2287,9,5,1,0,3,332
2288,10,0,3,4,0,21
2289,10,4,3,3,0,5152
2290,10,5,4,0,0,1
2291,10,5,2,0,3,6108
2292,11,3,2,0,2,2450
2293,11,5,2,1,1,2324
2294,12,0,2,1,1,2424
2295,12,1,4,1,0,40
2296,12,1,0,2,3,2349
2297,12,5,4,1,3,184
2298,12,6,1,3,0,3046
2299,13,0,0,2,0,2865
2300,9,1,3,3,1,15430
2301,9,1,4,3,3,6
2302,9,3,4,0,0,3
2303,10,2,2,0,0,1412
2304,10,3,1,3,1,2013
2305,10,3,1,2,3,4219
2306,10,5,0,4,2,2
2307,10,6,4,2,1,64
2308,11,1,1,3,3,2217
2309,11,2,1,4,0,53
2310,11,3,0,0,1,17252
2311,11,4,0,1,2,121
2312,12,1,2,3,2,1458
2313,12,1,3,0,2,311
2314,12,1,1,0,2,116
2315,8,5,3,1,1,2273
2316,9,1,2,0,1,1634
2317,9,3,0,1,1,169
2318,9,4,3,4,1,4
2319,9,5,1,2,0,1870
2320,9,6,3,4,1,18
2321,9,6,1,3,3,5133
2322,10,0,2,4,1,32
2323,10,1,0,0,0,4903
2324,10,1,1,4,3,136
2325,10,3,1,2,0,1340
2326,10,4,1,1,2,33186
2327,10,6,3,4,3,19
2328,11,0,1,3,0,3909
2329,11,1,4,4,2,1820
2330,11,2,0,1,0,74
2331,11,5,3,0,1,395
2332,12,2,3,0,0,150
2333,12,2,1,2,1,6240
2334,12,3,1,3,2,1715
2335,12,4,3,4,1,7
2336,12,6,1,1,1,25682
2337,12,6,2,2,2,62863
2338,13,0,3,4,1,9
2339,8,5,1,0,0,142
2340,9,1,1,2,1,6047
2341,10,0,4,1,0,90
2342,10,1,4,3,2,3
2343,10,2,4,4,3,1292
2344,10,5,4,4,0,497
2345,11,0,3,3,0,15488
2346,11,0,0,2,3,3538
2347,11,1,0,3,3,335
2348,11,1,1,0,3,188
2349,11,5,4,2,2,49
2350,12,0,0,0,3,16901
2351,12,1,2,2,3,48463
2352,12,3,1,0,1,148
2353,12,5,2,0,0,1889
2354,12,6,4,3,0,7
2355,8,5,4,4,1,1931
2356,9,3,1,3,0,916
2357,9,3,2,4,1,33
2358,9,3,4,1,2,130
2359,10,1,2,2,3,52689
2360,10,3,2,0,3,4355
2361,10,3,1,0,3,215
2362,10,4,4,4,1,1854
2363,11,2,0,1,3,154
2364,11,5,1,3,1,2354
2365,11,6,3,2,3,4227
2366,12,1,3,2,1,2730
2367,12,4,2,2,1,47699
2368,12,4,2,4,2,46
2369,12,4,4,0,2,3
2370,12,6,4,1,0,79
2371,8,5,4,3,3,11
2372,8,6,4,3,3,22
2373,9,3,1,1,3,43621
2374,9,4,1,0,3,227
2375,9,6,4,3,0,7
2376,10,1,2,0,1,2470
2377,10,2,3,4,0,1
2378,10,2,2,3,2,1505
2379,10,3,3,0,3,375
2380,10,4,0,2,3,2977
2381,11,2,0,4,3,4
2382,12,0,3,3,1,12633
2383,12,0,4,4,3,1192
2384,12,1,2,1,0,1851
2385,12,1,2,4,2,61
2386,12,4,2,2,0,11666
2387,12,4,4,1,1,143
2388,12,4,3,0,2,319
2389,13,0,2,4,0,143
2390,9,0,1,3,1,1663
2391,9,0,4,2,1,39
2392,9,1,3,4,1,5
2393,9,1,1,3,2,1518
2394,9,5,3,2,2,1762
2395,9,6,0,4,0,1
2396,9,6,1,1,1,24871
2397,9,6,2,1,3,11806
2398,10,0,2,4,2,52
2399,10,3,3,2,1,2782
2400,10,4,3,4,3,8
2401,10,5,2,3,0,2439
2402,10,5,3,3,3,26776
2403,10,6,1,2,1,6069
2404,11,2,1,1,0,7621
2405,11,2,4,0,2,4
2406,11,2,1,0,3,208
2407,11,4,1,2,2,3621
2408,11,6,3,4,0,7
2409,12,1,3,3,0,5723
2410,12,2,1,3,0,805
2411,12,2,2,0,0,1310
2412,8,5,1,3,1,2206
2413,9,2,4,0,0,1
2414,9,4,2,3,2,1556
2415,9,4,1,3,3,2953
2416,9,5,4,4,3,2201
2417,9,6,2,1,1,2875
2418,9,6,4,1,3,235
2419,10,5,0,2,3,4374
2420,10,6,3,2,1,3776
2421,11,0,4,2,1,40
2422,11,5,1,1,2,35779
2423,12,0,3,0,2,442
2424,12,6,2,1,1,2823
2425,12,6,3,2,2,3064
2426,13,0,0,3,1,346
2427,8,6,4,0,0,1
2428,9,0,2,0,1,1685
2429,9,3,2,3,3,5039
2430,9,3,3,0,3,402
2431,9,4,0,1,2,113
2432,10,1,3,4,0,3
2433,10,3,1,4,3,146
2434,10,3,3,4,3,5
2435,11,1,0,1,0,117
2436,11,4,1,4,0,55
2437,11,4,2,1,2,3601
2438,12,0,3,2,3,2220
2439,12,2,2,2,1,44752
2440,12,2,1,4,3,131
2441,12,3,3,2,2,1555
2442,12,3,4,2,3,27
2443,12,4,3,2,1,2746
2444,12,6,3,4,2,11
2445,9,0,1,1,0,29606
2446,9,0,4,2,2,52
2447,9,0,3,1,3,2775
2448,9,1,1,3,1,1696
2449,9,1,4,2,3,22
2450,10,0,0,3,2,469
2451,10,1,2,4,1,23
2452,10,4,4,4,3,1579
2453,10,5,1,0,2,108
2454,10,5,2,4,3,194
2455,11,0,0,0,1,9484
2456,11,1,2,3,0,1256
2457,11,1,4,2,2,36
2458,11,3,2,2,3,61667
2459,11,6,4,0,2,4
2460,12,3,4,3,3,6
2461,12,5,3,4,0,6
2462,12,6,3,0,1,440
2463,9,3,2,0,0,1300
2464,9,4,2,3,0,1575
2465,9,4,1,2,0,1492
2466,10,3,2,1,3,10769
2467,10,6,3,1,1,2287
2468,11,0,0,1,3,290
2469,11,3,3,2,1,2744
2470,12,5,2,4,3,179
2471,12,6,4,0,2,3
2472,8,6,1,3,2,2968
2473,9,0,1,0,1,115
2474,9,2,2,1,0,1937
2475,9,5,2,3,1,1191
2476,10,0,1,3,3,2767
2477,10,3,2,0,2,2501
2478,11,0,2,2,2,53848
2479,11,0,1,3,2,2755
2480,11,3,3,3,0,4943
2481,11,3,2,4,1,30
2482,12,1,0,0,2,15586
2483,12,3,3,1,2,1709
2484,12,3,1,2,3,4357
2485,12,6,4,4,1,1431
2486,8,5,4,4,2,2111
2487,8,6,1,1,0,24593
2488,9,2,0,0,0,4098
2489,10,2,4,3,2,9
2490,10,3,4,0,1,2
2491,10,3,1,1,3,37968
2492,11,0,4,2,0,27
2493,11,0,2,3,3,3178
2494,11,1,3,0,1,390
2495,11,2,0,3,0,136
2496,11,2,1,3,2,1620
2497,11,6,4,3,2,16
2498,12,1,2,0,0,1674
2499,12,4,3,1,0,823
2500,12,5,1,3,0,1310
2501,12,6,2,1,2,6866
2502,12,6,3,1,3,5140
2503,8,6,4,1,3,213
2504,9,0,3,0,0,574
2505,9,3,3,0,0,152
2506,9,4,1,0,1,145
2507,10,0,0,0,2,15526
2508,10,0,0,2,3,3302
2509,10,4,2,1,0,3185
2510,10,4,3,2,1,2901
2511,10,4,1,1,1,32551
2512,10,5,3,2,3,2522
2513,10,5,4,1,3,200
2514,11,0,1,2,1,4258
2515,11,1,4,3,2,6
2516,9,0,0,4,3,3
2517,9,2,1,2,1,6267
2518,9,4,4,4,0,394
2519,10,0,3,2,0,1551
2520,10,1,0,0,3,14357
2521,10,1,2,3,3,4054
2522,10,2,1,1,0,8373
2523,10,3,4,2,3,19
2524,10,5,3,0,0,223
2525,10,6,3,3,2,22463
2526,11,0,0,0,2,15972
2527,11,3,0,0,0,4169
2528,11,4,0,2,1,3791
2529,11,6,0,0,3,24167
2530,12,0,1,3,1,1903
2531,12,4,2,0,3,4724
2532,12,4,2,4,3,231
2533,12,5,0,0,0,5099
2534,8,5,3,1,2,2137
2535,8,6,0,4,3,2
2536,9,5,2,1,1,2379
2537,10,2,4,2,3,30
2538,10,3,2,1,1,2270
2539,11,0,4,0,3,2
2540,11,2,3,4,0,4
2541,11,4,3,1,3,2828
2542,12,1,0,3,3,328
2543,12,2,0,0,1,17201
2544,12,2,3,4,2,7
2545,12,5,2,3,3,5336
2546,8,5,2,0,0,2014
2547,9,0,3,4,3,9
2548,9,1,4,3,0,4
2549,9,1,2,2,3,53693
2550,10,5,2,1,1,2384
2551,11,1,2,1,2,3204
2552,11,4,1,1,0,11436
2553,12,2,2,4,0,26
2554,12,3,0,1,0,66
2555,12,3,2,0,1,2574
2556,12,5,3,4,1,10
2557,12,6,4,1,2,203
2558,9,3,1,2,3,4418
2559,9,6,2,3,0,4002
2560,10,2,0,1,3,139
2561,10,2,0,3,3,331
2562,10,4,0,1,0,83
2563,10,4,0,2,2,2972
2564,10,6,2,2,2,70445
2565,10,6,1,0,3,340
2566,11,0,1,3,3,3139
2567,11,2,4,4,0,328
2568,12,3,2,4,0,50
2569,12,3,1,4,1,105
2570,12,5,1,0,1,161
2571,12,6,1,3,2,3400
2572,12,6,4,3,3,19
2573,13,0,1,0,3,308
2574,9,1,1,0,1,100
2575,9,1,2,1,3,8322
2576,10,3,2,3,3,5037
2577,10,6,3,0,1,352
2578,11,1,4,1,0,42
2579,11,1,4,1,2,125
2580,11,3,0,4,1,3
2581,11,3,0,1,2,114
2582,11,5,0,4,3,2
2583,11,6,1,2,3,9961
2584,12,0,3,4,0,17
2585,12,2,3,4,1,8
2586,12,2,3,1,2,1581
2587,12,2,0,4,2,5
2588,8,6,4,0,1,1
2589,9,1,3,1,0,812
2590,9,3,4,2,2,48
2591,9,5,2,3,2,1782
2592,10,0,4,3,1,8
2593,10,0,2,3,2,2187
2594,10,3,3,3,0,5123
2595,10,3,1,3,3,2674
2596,10,6,0,2,3,5214
2597,11,0,3,4,3,12
2598,11,1,1,1,2,29430
2599,11,1,1,1,3,31985
2600,12,1,1,0,1,155
2601,12,3,1,0,2,81
2602,12,3,3,4,2,3
2603,12,4,1,0,0,92
2604,12,5,3,0,0,237
2605,12,6,2,4,0,121
2606,13,0,3,0,3,573
2607,9,0,4,4,1,1454
2608,9,4,4,3,3,6
2609,9,6,0,4,3,4
2610,10,0,3,2,2,2805
2611,10,1,2,4,3,160
2612,11,0,3,1,1,2340
2613,11,1,2,4,2,46
2614,11,1,1,2,3,3110
2615,11,6,2,0,3,5935
2616,12,1,0,2,0,1202
2617,12,3,3,1,3,2315
2618,12,4,2,4,0,56
2619,12,4,1,3,2,1814
2620,12,4,1,0,3,224
2621,12,5,3,0,1,461
2622,12,5,3,3,3,23488
2623,9,0,1,4,1,115
2624,9,4,3,2,2,1714
2625,9,5,4,3,0,2
2626,9,6,1,3,2,3175
2627,10,0,4,3,3,12
2628,10,1,2,3,1,1014
2629,10,2,1,0,1,132
2630,10,3,3,4,2,9
2631,10,6,1,0,0,313
2632,11,2,0,4,0,1
2633,11,2,3,0,3,397
2634,11,4,3,3,3,20678
2635,11,5,4,4,1,2156
2636,11,6,2,2,2,66328
2637,12,0,2,1,2,4724
2638,12,6,0,1,0,165
2639,13,0,4,0,2,2
2640,8,5,0,4,1,3
2641,9,0,1,2,0,5491
2642,9,0,2,0,3,4067
2643,9,4,1,3,2,1767
2644,9,6,1,1,2,41789
2645,10,0,3,3,1,13252
2646,10,5,4,3,3,4
2647,11,0,3,0,2,540
2648,11,2,4,1,3,119
2649,11,6,1,3,0,3218
2650,11,6,2,0,1,2159
2651,12,3,0,0,0,4417
2652,12,5,0,3,2,392
2653,13,0,1,3,2,2933
2654,8,6,2,0,3,5218
2655,9,3,2,2,0,11017
2656,9,3,4,0,3,2
2657,9,5,3,2,3,2624
2658,10,2,0,2,2,2748
2659,10,2,3,1,2,1648
2660,10,3,3,2,3,1443
2661,10,6,2,4,3,187
2662,12,3,0,3,3,383
2663,12,4,3,3,0,5407
2664,12,5,1,4,1,97
2665,8,6,0,1,1,193
2666,9,3,0,4,3,2
2667,10,0,1,4,0,182
2668,10,2,0,1,2,94
2669,11,0,1,0,2,208
2670,11,3,1,4,1,104
2671,11,6,2,3,3,4776
2672,12,0,2,2,1,29367
2673,12,0,2,3,3,3082
2674,12,2,0,0,0,3961
2675,12,2,3,0,2,282
2676,12,4,3,4,2,7
2677,12,6,4,2,0,19
2678,8,5,4,3,0,1
2679,8,5,4,0,3,5
2680,8,6,3,1,1,2164
2681,8,6,4,3,2,16
2682,9,0,2,3,0,3981
2683,9,0,2,1,1,2521
2684,9,4,1,4,2,115
2685,9,5,0,4,1,3
2686,9,5,2,1,2,4199
2687,9,6,4,3,1,6
2688,10,4,4,1,3,126
2689,10,5,4,4,1,2017
2690,10,5,1,1,1,33543
2691,10,5,4,4,3,2450
2692,10,5,2,3,3,5196
2693,10,6,0,2,2,3808
2694,10,6,4,0,3,5
2695,11,1,3,4,3,9
2696,11,5,3,3,1,23875
2697,12,4,3,3,2,17876
2698,12,5,3,1,0,972
2699,8,5,1,0,2,117
2700,8,5,1,2,3,7066
2701,8,6,3,1,2,3103
2702,9,1,0,0,0,4860
2703,10,2,4,2,1,67
2704,10,2,0,0,2,15649
2705,10,6,2,0,3,6036
2706,11,3,2,2,0,10149
2707,11,6,0,1,0,163
2708,11,6,1,0,2,208
2709,12,2,0,3,2,317
2710,12,2,1,2,3,4192
2711,12,3,0,2,2,2741
2712,12,5,4,1,2,135
2713,12,5,1,4,3,192
2714,12,6,3,3,3,27465
2715,13,0,3,2,0,1660
2716,8,6,3,2,2,2876
2717,9,1,3,1,3,2105
2718,9,2,0,1,2,105
2719,9,6,3,3,2,20830
2720,10,0,3,4,3,10
2721,11,5,2,2,3,84316
2722,12,0,4,2,2,44
2723,12,4,3,1,1,2231
2724,13,0,4,4,0,1321
2725,8,5,3,3,2,19809
2726,9,2,3,3,2,16983
2727,9,2,4,4,3,1457
2728,9,6,3,3,3,26258
2729,10,0,4,2,2,52
2730,10,0,2,4,3,66
2731,10,1,2,4,0,26
2732,10,2,3,3,0,4938
2733,10,2,2,4,1,33
2734,10,6,0,0,0,10221
2735,11,3,4,0,2,4
2736,11,3,3,2,3,1599
2737,11,4,3,3,0,5347
2738,11,4,2,0,0,1523
2739,11,4,0,0,2,18847
2740,11,5,3,4,2,12
2741,12,4,2,2,2,48799
2742,8,6,2,2,0,29214
2743,9,1,4,4,1,1394
2744,9,1,2,1,1,1804
2745,9,1,4,4,2,1484
2746,10,0,4,1,2,158
2747,10,1,4,0,3,1
2748,10,2,1,4,0,50
2749,11,4,4,1,2,133
2750,12,0,2,2,2,51716
2751,12,1,3,1,0,971
2752,12,1,4,0,1,1
2753,12,5,2,1,3,11982
2754,8,5,4,0,0,1
2755,9,2,0,4,2,2
2756,9,3,3,1,0,725
2757,9,4,2,2,1,56700
2758,9,5,1,2,2,3974
2759,10,0,1,3,1,1720
2760,10,0,0,2,1,2874
2761,10,0,3,0,2,467
2762,10,1,0,4,2,2
2763,10,3,2,4,2,50
2764,11,0,4,4,1,1017
2765,11,1,0,2,1,3509
2766,11,1,3,3,3,15096
2767,11,2,4,0,0,2
2768,11,6,0,1,1,196
2769,11,6,3,3,2,21602
2770,12,2,2,4,2,40
2771,12,3,4,1,2,123
2772,12,3,3,2,3,1500
2773,9,0,0,0,3,16580
2774,9,2,0,3,3,374
2775,10,1,4,3,3,6
2776,10,2,3,1,1,2002
2777,10,2,3,0,3,383
2778,10,4,4,2,3,28
2779,10,5,3,2,0,910
2780,11,2,0,0,1,16923
2781,11,3,0,0,3,15951
2782,11,5,1,1,1,38048
2783,11,5,1,3,2,2063
2784,12,0,2,4,1,40
2785,12,0,4,1,2,170
2786,12,1,1,0,3,158
2787,12,4,3,2,2,1634
2788,12,5,2,1,0,4240
2789,13,0,1,4,0,180
2790,8,5,1,1,0,11225
2791,8,5,0,3,3,565
2792,9,1,1,0,3,189
2793,9,2,4,3,3,9
2794,9,5,0,2,0,1132
2795,9,5,4,4,2,2217
2796,9,6,1,4,1,104
2797,9,6,4,0,1,2
2798,10,1,1,1,1,29617
2799,10,1,1,2,3,3461
2800,10,3,3,4,1,8
2801,10,4,1,2,3,4861
2802,11,3,4,4,0,368
2803,11,4,0,2,3,2824
2804,12,0,1,4,1,88
2805,12,0,1,0,3,309
2806,12,3,0,4,3,1
2807,12,4,4,4,3,1547
2808,13,0,4,2,3,34
2809,8,6,0,4,1,3
2810,9,3,3,0,2,307
2811,9,5,0,3,0,145
2812,9,5,1,4,2,121
2813,10,1,1,0,3,227
2814,10,1,3,2,3,1303
2815,10,3,0,2,0,986
2816,11,0,4,1,0,116
2817,11,2,0,4,1,6
2818,11,3,2,3,1,1178
2819,11,4,2,4,0,41
2820,11,6,0,0,1,13070
2821,12,0,2,3,1,1441
2822,12,1,0,3,2,292
2823,12,2,4,1,0,29
2824,12,5,0,2,0,1179
2825,12,6,2,1,0,7814
2826,8,6,1,4,1,85
2827,9,2,4,4,2,1915
2828,9,2,1,2,2,3422
2829,9,3,0,3,1,390
2830,10,0,3,1,3,2824
2831,10,1,4,1,1,145
2832,10,2,3,2,2,1532
2833,10,3,1,1,2,31698
2834,10,5,1,2,0,1819
2835,10,5,2,4,1,37
2836,10,5,3,4,2,6
2837,10,6,1,2,3,10743
2838,11,1,0,0,3,14033
2839,11,5,2,2,0,17813
2840,11,5,0,3,0,146
2841,11,5,4,2,3,62
2842,11,6,0,0,2,18546
2843,12,0,4,0,1,1
2844,12,2,4,4,2,1835
2845,12,6,0,2,2,4290
2846,13,0,0,2,1,2958
2847,8,5,3,0,1,382
2848,8,6,2,1,3,11074
2849,9,0,4,3,2,10
2850,9,2,2,1,1,2150
2851,9,2,3,1,3,2139
2852,9,3,3,2,0,747
2853,9,3,3,2,2,1527
2854,9,3,3,3,2,18580
2855,9,6,1,0,0,271
2856,10,0,0,2,0,2519
2857,10,0,2,4,0,149
2858,10,2,2,2,3,61741
2859,10,4,4,2,0,19
2860,10,6,4,3,1,9
2861,11,4,0,2,0,1057
2862,11,5,4,2,0,24
2863,11,6,1,1,0,26747
2864,11,6,1,3,3,5082
2865,12,3,2,3,1,1125
2866,12,3,0,3,2,338
2867,12,6,2,0,0,4138
2868,9,1,0,2,0,1049
2869,9,4,3,1,1,2089
2870,9,4,0,4,3,4
2871,10,1,1,3,0,1002
2872,10,2,3,4,2,5
2873,10,2,0,4,2,1
2874,10,3,2,3,0,1608
2875,11,3,2,0,3,4279
2876,11,4,4,1,0,36
2877,11,4,4,2,2,43
2878,11,5,1,1,0,14052
2879,11,5,3,0,0,202
2880,11,5,4,3,1,3
2881,11,5,1,0,3,334
2882,11,5,0,3,3,598
2883,11,6,3,4,2,9
2884,12,0,2,4,3,50
2885,12,3,3,4,1,6
2886,12,6,1,4,1,103
2887,13,0,1,3,3,3056
2888,9,1,3,3,0,5802
2889,9,1,3,4,3,7
2890,9,3,4,4,2,1978
2891,9,6,4,4,0,951
2892,9,6,3,0,1,301
2893,10,0,2,3,0,4020
2894,10,0,1,3,2,2607
2895,10,2,2,2,1,50060
2896,10,4,3,1,0,852
2897,10,5,0,4,0,1
2898,11,1,2,0,0,1692
2899,11,3,1,0,2,129
2900,11,3,4,1,3,114
2901,12,1,1,2,3,3004
2902,12,4,4,4,0,363
2903,12,5,0,1,1,204
2904,12,5,3,2,3,2368
2905,9,1,4,1,2,119
2906,9,4,1,1,3,44735
2907,9,4,4,1,3,136
2908,9,5,3,3,0,6017
2909,10,0,1,3,0,3399
2910,10,1,4,0,0,1
2911,10,5,2,4,2,58
2912,10,6,4,0,1,3
2913,11,1,2,4,3,150
2914,11,2,1,1,2,28779
2915,11,5,0,0,0,5478
2916,11,5,2,3,2,1823
2917,12,0,0,2,3,3612
2918,12,2,1,3,3,2792
2919,12,4,3,0,1,485
2920,13,0,3,3,0,14940
2921,13,0,0,1,2,214
2922,8,5,3,0,0,211
2923,8,6,0,4,0,4
2924,8,6,2,1,2,6747
2925,9,0,1,4,2,120
2926,9,4,4,4,1,1961
2927,10,0,3,4,1,11
2928,10,3,1,4,0,30
2929,10,6,4,0,0,2
2930,11,2,4,1,1,125
2931,11,3,3,4,2,5
2932,11,3,1,0,3,202
2933,11,4,2,3,1,1156
2934,11,4,3,4,2,7
2935,12,2,0,4,1,4
2936,12,4,0,1,0,87
2937,12,6,0,0,3,23592
2938,13,0,3,3,1,13211
2939,8,5,0,3,2,348
2940,9,0,0,1,2,202
2941,9,5,3,3,1,20626
2942,9,6,2,1,0,8103
2943,10,2,1,0,0,111
2944,10,4,3,0,3,411
2945,10,5,1,4,3,208
2946,10,6,3,0,3,754
2947,11,0,1,2,2,5904
2948,12,0,0,0,0,13671
2949,12,1,4,0,3,3
2950,12,5,3,2,0,877
2951,12,5,0,1,2,148
2952,12,6,2,4,1,41
2953,8,5,2,2,2,55710
2954,9,3,1,4,1,94
2955,9,4,2,0,1,2641
2956,9,4,0,4,1,5
2957,9,5,1,4,1,105
2958,9,6,3,0,2,412
2959,9,6,4,4,3,2362
2960,10,0,2,2,2,67553
2961,10,4,1,1,0,9397
2962,10,6,2,1,1,2773
2963,10,6,0,4,3,4
2964,11,0,4,1,1,137
2965,11,2,2,1,2,3198
2966,11,3,1,0,0,88
2967,11,4,3,1,1,2209
2968,11,4,1,3,3,3212
2969,11,6,1,1,2,42126
2970,12,3,4,4,2,1885
2971,8,5,1,1,1,34783
2972,9,0,2,3,2,2010
2973,9,0,2,3,3,2769
2974,9,2,1,4,1,101
2975,9,2,0,3,1,370
2976,10,3,0,0,0,4153
2977,10,3,4,2,2,35
2978,10,5,2,1,2,4009
2979,11,0,4,3,0,9
2980,11,6,2,2,0,29554
2981,11,6,2,3,0,3963
2982,11,6,3,0,0,456
2983,11,6,0,4,0,2
2984,12,1,3,3,1,18955
2985,12,3,2,4,2,61
2986,13,0,2,4,1,37
2987,9,3,0,4,2,1
2988,9,4,2,0,2,2608
2989,9,6,4,2,1,47
2990,10,2,2,1,2,3427
2991,10,3,3,3,2,17525
2992,10,4,3,3,2,17778
2993,11,6,3,4,1,18
2994,12,6,4,0,1,2
2995,9,5,0,2,1,3839
2996,9,6,4,4,1,1356
2997,10,1,1,2,0,1460
2998,10,1,2,0,0,1597
2999,10,1,4,3,1,6
3000,10,6,4,3,2,15
3001,11,2,3,0,0,168
3002,12,4,1,4,0,44
3003,12,5,0,0,1,18508
3004,9,0,3,4,2,7
3005,9,2,4,0,2,3
3006,9,5,2,0,1,2674
3007,9,5,4,1,1,131
3008,9,5,4,3,2,14
3009,10,0,1,0,0,346
3010,10,2,3,2,3,1435
3011,10,2,4,1,3,112
3012,10,6,0,3,1,462
3013,10,6,2,2,3,92545
3014,11,0,1,0,3,310
3015,11,3,4,3,2,6
3016,11,5,1,4,3,207
3017,12,1,1,0,0,128
3018,12,1,4,0,2,5
3019,12,3,1,2,0,1271
3020,12,3,3,3,2,17401
3021,12,4,2,2,3,68225
3022,12,4,2,1,3,11554
3023,12,6,0,2,0,2097
3024,12,6,0,0,1,12845
3025,12,6,2,0,3,5875
3026,8,5,0,0,2,17538
3027,9,0,0,0,1,9001
3028,9,3,2,0,3,4467
3029,9,4,3,4,0,3
3030,9,6,2,2,0,31207
3031,10,2,0,4,1,4
3032,10,2,1,4,2,97
3033,10,6,2,3,0,4098
3034,10,6,3,2,3,4197
3035,11,2,4,1,0,31
3036,11,3,4,0,0,1
3037,11,3,0,2,1,3530
3038,11,4,4,4,3,1636
3039,12,1,1,3,1,2045
3040,12,2,2,1,0,2103
3041,12,3,4,1,3,122
3042,12,3,3,4,3,12
3043,12,4,0,1,2,131
3044,8,6,2,0,1,1799
3045,9,4,2,0,3,4863
3046,9,5,4,2,0,19
3047,10,2,1,2,0,1188
3048,11,0,2,1,1,3409
3049,11,3,2,1,2,3424
3050,11,5,3,0,3,591
3051,12,0,0,4,0,5
3052,12,0,0,1,1,167
3053,12,0,0,1,2,180
3054,12,4,4,3,3,7
3055,12,5,4,4,2,2190
3056,12,6,2,2,0,30238
3057,12,6,3,1,1,2432
3058,12,6,4,3,2,16
3059,9,1,0,4,3,1
3060,9,3,1,4,0,33
3061,9,4,1,3,1,2137
3062,10,0,1,1,1,26038
3063,10,4,2,0,0,1536
3064,12,0,4,2,3,48
3065,12,0,3,4,3,12
3066,12,2,3,0,1,366
3067,12,5,2,3,0,2303
3068,13,0,3,0,2,471
